barcode,y
sci_RNA_A_001_TCTCTCATCC,0
sci_RNA_A_001_GACCAATGCG,0
sci_RNA_A_002_ATCTAGGTTC,0
sci_RNA_A_003_TCTCTCATCC,0
sci_RNA_A_003_ACGTTGAATG,0
sci_RNA_A_003_CCTAAGCGGT,0
sci_RNA_A_003_CCATCGGACC,0
sci_RNA_A_004_AAGCATCCTA,0
sci_RNA_A_004_ACTGGTAGAT,0
sci_RNA_A_004_CCTAAGCGGT,0
sci_RNA_A_005_CTGGTTGGTT,0
sci_RNA_A_006_AAGCATCCTA,0
sci_RNA_A_007_ACGCGCTCCT,0
sci_RNA_A_008_ACTGGTAGAT,0
sci_RNA_A_008_CCTAAGCGGT,0
sci_RNA_A_008_TTGATATGAA,0
sci_RNA_A_009_TCTCTCATCC,0
sci_RNA_A_010_TCTCTCATCC,0
sci_RNA_A_010_GATTCCGGAA,0
sci_RNA_A_010_ACGTTGAATG,0
sci_RNA_A_010_CCTAAGCGGT,0
sci_RNA_A_011_TCTCTCATCC,0
sci_RNA_A_011_GCGGTTATTG,0
sci_RNA_A_012_CTGGTTGGTT,0
sci_RNA_A_012_CCTAAGCGGT,0
sci_RNA_A_012_TTGATATGAA,0
sci_RNA_A_013_AAGCATCCTA,0
sci_RNA_A_013_ACGCGCTCCT,0
sci_RNA_A_014_ACGTTGAATG,0
sci_RNA_A_015_TCTCTCATCC,0
sci_RNA_A_016_GCGGTTATTG,0
sci_RNA_A_016_ATCTAGGTTC,0
sci_RNA_A_016_CTTCATTAGA,0
sci_RNA_A_018_ACTCGACGCC,0
sci_RNA_A_018_ACGTTGAATG,0
sci_RNA_A_019_GGCTGCCTTA,0
sci_RNA_A_020_AAGCATCCTA,0
sci_RNA_A_020_GCGGTTATTG,0
sci_RNA_A_020_GGCTGCCTTA,0
sci_RNA_A_021_ACTGGTAGAT,0
sci_RNA_A_021_CCATCGGACC,0
sci_RNA_A_022_ACGTTGAATG,0
sci_RNA_A_022_CTTCATTAGA,0
sci_RNA_A_024_GCGGTTATTG,0
sci_RNA_A_026_ACTCGACGCC,0
sci_RNA_A_026_ACGTTGAATG,0
sci_RNA_A_026_CTTCATTAGA,0
sci_RNA_A_026_CCTAAGCGGT,0
sci_RNA_A_026_TTGATATGAA,0
sci_RNA_A_027_AAGCATCCTA,0
sci_RNA_A_027_GGCTGCCTTA,0
sci_RNA_A_027_ACGTTGAATG,0
sci_RNA_A_028_ATCTAGGTTC,0
sci_RNA_A_029_TCTCTCATCC,0
sci_RNA_A_029_CTTCATTAGA,0
sci_RNA_A_029_CCTAAGCGGT,0
sci_RNA_A_030_CTGGTTGGTT,0
sci_RNA_A_030_ACTGGTAGAT,0
sci_RNA_A_031_ACTCGACGCC,0
sci_RNA_A_032_GACCAATGCG,0
sci_RNA_A_034_ACTCGACGCC,0
sci_RNA_A_034_ACGTTGAATG,0
sci_RNA_A_034_GACCAATGCG,0
sci_RNA_A_035_GCGGTTATTG,0
sci_RNA_A_036_ACTGGTAGAT,0
sci_RNA_A_036_GACCAATGCG,0
sci_RNA_A_037_ACGTTGAATG,0
sci_RNA_A_037_CCTAAGCGGT,0
sci_RNA_A_038_AAGCATCCTA,0
sci_RNA_A_039_GATTCCGGAA,0
sci_RNA_A_039_GCGGTTATTG,0
sci_RNA_A_039_ACGTTGAATG,0
sci_RNA_A_039_CCATCGGACC,0
sci_RNA_A_041_TCTCTCATCC,0
sci_RNA_A_041_GGCTGCCTTA,0
sci_RNA_A_042_GCGGTTATTG,0
sci_RNA_A_042_CCATCGGACC,0
sci_RNA_A_043_GACCAATGCG,0
sci_RNA_A_044_TCTCTCATCC,0
sci_RNA_A_044_CTGGTTGGTT,0
sci_RNA_A_044_GATTCCGGAA,0
sci_RNA_A_044_GCGGTTATTG,0
sci_RNA_A_044_CCTAAGCGGT,0
sci_RNA_A_044_ACGCGCTCCT,0
sci_RNA_A_045_CTGGTTGGTT,0
sci_RNA_A_046_ATCTAGGTTC,0
sci_RNA_A_047_CCTAAGCGGT,0
sci_RNA_A_048_CCTAAGCGGT,0
sci_RNA_A_049_CTGGTTGGTT,0
sci_RNA_A_049_CCATCGGACC,0
sci_RNA_A_050_AAGCATCCTA,0
sci_RNA_A_050_ACGTTGAATG,0
sci_RNA_A_051_GATTCCGGAA,0
sci_RNA_A_051_ACGTTGAATG,0
sci_RNA_A_051_CCTAAGCGGT,0
sci_RNA_A_051_ACGCGCTCCT,0
sci_RNA_A_052_TCTCTCATCC,0
sci_RNA_A_053_AAGCATCCTA,0
sci_RNA_A_053_GATTCCGGAA,0
sci_RNA_A_053_ACGCGCTCCT,0
sci_RNA_A_054_ACTCGACGCC,0
sci_RNA_A_054_GCGGTTATTG,0
sci_RNA_A_054_ATCTAGGTTC,0
sci_RNA_A_056_GATTCCGGAA,0
sci_RNA_A_057_AAGCATCCTA,0
sci_RNA_A_058_AAGCATCCTA,0
sci_RNA_A_058_TCTCTCATCC,0
sci_RNA_A_058_ACGCGCTCCT,0
sci_RNA_A_059_GCGGTTATTG,0
sci_RNA_A_059_CCTAAGCGGT,0
sci_RNA_A_059_GACCAATGCG,0
sci_RNA_A_060_CTTCATTAGA,0
sci_RNA_A_061_ACTGGTAGAT,0
sci_RNA_A_062_GATTCCGGAA,0
sci_RNA_A_062_GCGGTTATTG,0
sci_RNA_A_062_TTGATATGAA,0
sci_RNA_A_063_TCTCTCATCC,0
sci_RNA_A_063_CCATCGGACC,0
sci_RNA_A_063_ACGCGCTCCT,0
sci_RNA_A_064_CTGGTTGGTT,0
sci_RNA_A_064_CCATCGGACC,0
sci_RNA_A_065_CCATCGGACC,0
sci_RNA_A_066_CTTCATTAGA,0
sci_RNA_A_066_ACGCGCTCCT,0
sci_RNA_A_067_ACTGGTAGAT,0
sci_RNA_A_068_AAGCATCCTA,0
sci_RNA_A_068_GATTCCGGAA,0
sci_RNA_A_069_ATCTAGGTTC,0
sci_RNA_A_070_TCTCTCATCC,0
sci_RNA_A_073_AAGCATCCTA,0
sci_RNA_A_074_ACTCGACGCC,0
sci_RNA_A_074_GATTCCGGAA,0
sci_RNA_A_074_ACGTTGAATG,0
sci_RNA_A_074_TTGATATGAA,0
sci_RNA_A_075_CTGGTTGGTT,0
sci_RNA_A_075_CTTCATTAGA,0
sci_RNA_A_076_GCGGTTATTG,0
sci_RNA_A_077_GCGGTTATTG,0
sci_RNA_A_077_ACGTTGAATG,0
sci_RNA_A_077_CCATCGGACC,0
sci_RNA_A_078_AAGCATCCTA,0
sci_RNA_A_078_TCTCTCATCC,0
sci_RNA_A_078_GGCTGCCTTA,0
sci_RNA_A_078_CCTAAGCGGT,0
sci_RNA_A_079_TCTCTCATCC,0
sci_RNA_A_079_TTGATATGAA,0
sci_RNA_A_080_ACTGGTAGAT,0
sci_RNA_A_080_CCTAAGCGGT,0
sci_RNA_A_081_ACGCGCTCCT,0
sci_RNA_A_082_ACGCGCTCCT,0
sci_RNA_A_084_CCTAAGCGGT,0
sci_RNA_A_084_GACCAATGCG,0
sci_RNA_A_085_GCGGTTATTG,0
sci_RNA_A_085_ACGCGCTCCT,0
sci_RNA_A_086_CTGGTTGGTT,0
sci_RNA_A_086_GCGGTTATTG,0
sci_RNA_A_086_CTTCATTAGA,0
sci_RNA_A_087_GCGGTTATTG,0
sci_RNA_A_087_ACGCGCTCCT,0
sci_RNA_A_088_CTGGTTGGTT,0
sci_RNA_A_088_CTTCATTAGA,0
sci_RNA_A_089_GACCAATGCG,0
sci_RNA_A_091_ACTCGACGCC,0
sci_RNA_A_091_AAGCATCCTA,0
sci_RNA_A_091_GGCTGCCTTA,0
sci_RNA_A_091_ATCTAGGTTC,0
sci_RNA_A_093_TCTCTCATCC,0
sci_RNA_A_093_GATTCCGGAA,0
sci_RNA_A_093_CTTCATTAGA,0
sci_RNA_A_094_ATCTAGGTTC,0
sci_RNA_A_095_CCATCGGACC,0
sci_RNA_B_001_TCTCTCATCC,0
sci_RNA_B_002_GCGGTTATTG,0
sci_RNA_B_002_ACGCGCTCCT,0
sci_RNA_B_003_AAGCATCCTA,0
sci_RNA_B_003_CTTCATTAGA,0
sci_RNA_B_003_GACCAATGCG,0
sci_RNA_B_004_TTGATATGAA,0
sci_RNA_B_008_CTTCATTAGA,0
sci_RNA_B_009_ACGTTGAATG,0
sci_RNA_B_009_TTGATATGAA,0
sci_RNA_B_010_CTTCATTAGA,0
sci_RNA_B_011_AAGCATCCTA,0
sci_RNA_B_011_CCTAAGCGGT,0
sci_RNA_B_011_ACGCGCTCCT,0
sci_RNA_B_012_CTGGTTGGTT,0
sci_RNA_B_014_ACTGGTAGAT,0
sci_RNA_B_015_ACGTTGAATG,0
sci_RNA_B_015_ATCTAGGTTC,0
sci_RNA_B_015_ACGCGCTCCT,0
sci_RNA_B_016_GCGGTTATTG,0
sci_RNA_B_016_TTGATATGAA,0
sci_RNA_B_017_ACTGGTAGAT,0
sci_RNA_B_017_CCTAAGCGGT,0
sci_RNA_B_018_AAGCATCCTA,0
sci_RNA_B_018_TCTCTCATCC,0
sci_RNA_B_018_CTTCATTAGA,0
sci_RNA_B_018_TTGATATGAA,0
sci_RNA_B_020_ACTCGACGCC,0
sci_RNA_B_020_GCGGTTATTG,0
sci_RNA_B_022_CCTAAGCGGT,0
sci_RNA_B_022_ACGCGCTCCT,0
sci_RNA_B_023_ACGTTGAATG,0
sci_RNA_B_023_ACTGGTAGAT,0
sci_RNA_B_024_ATCTAGGTTC,0
sci_RNA_B_024_ACTGGTAGAT,0
sci_RNA_B_024_CCATCGGACC,0
sci_RNA_B_024_ACGCGCTCCT,0
sci_RNA_B_025_GGCTGCCTTA,0
sci_RNA_B_025_CCTAAGCGGT,0
sci_RNA_B_025_CCATCGGACC,0
sci_RNA_B_026_TCTCTCATCC,0
sci_RNA_B_026_ACGTTGAATG,0
sci_RNA_B_027_AAGCATCCTA,0
sci_RNA_B_028_ATCTAGGTTC,0
sci_RNA_B_029_TTGATATGAA,0
sci_RNA_B_030_GCGGTTATTG,0
sci_RNA_B_030_ATCTAGGTTC,0
sci_RNA_B_030_CCTAAGCGGT,0
sci_RNA_B_031_ACTCGACGCC,0
sci_RNA_B_032_CTGGTTGGTT,0
sci_RNA_B_033_ACTGGTAGAT,0
sci_RNA_B_034_ACGTTGAATG,0
sci_RNA_B_037_CCATCGGACC,0
sci_RNA_B_037_TTGATATGAA,0
sci_RNA_B_038_ATCTAGGTTC,0
sci_RNA_B_038_CCATCGGACC,0
sci_RNA_B_039_ATCTAGGTTC,0
sci_RNA_B_040_ACTCGACGCC,0
sci_RNA_B_040_GCGGTTATTG,0
sci_RNA_B_041_CTGGTTGGTT,0
sci_RNA_B_041_GATTCCGGAA,0
sci_RNA_B_041_GCGGTTATTG,0
sci_RNA_B_042_GGCTGCCTTA,0
sci_RNA_B_043_ACTCGACGCC,0
sci_RNA_B_043_ACGTTGAATG,0
sci_RNA_B_043_CTTCATTAGA,0
sci_RNA_B_043_GACCAATGCG,0
sci_RNA_B_044_ACTCGACGCC,0
sci_RNA_B_044_GATTCCGGAA,0
sci_RNA_B_045_CCTAAGCGGT,0
sci_RNA_B_045_GACCAATGCG,0
sci_RNA_B_047_GCGGTTATTG,0
sci_RNA_B_047_TTGATATGAA,0
sci_RNA_B_048_TCTCTCATCC,0
sci_RNA_B_049_GATTCCGGAA,0
sci_RNA_B_049_ACTGGTAGAT,0
sci_RNA_B_049_GACCAATGCG,0
sci_RNA_B_050_GATTCCGGAA,0
sci_RNA_B_050_GACCAATGCG,0
sci_RNA_B_051_CCTAAGCGGT,0
sci_RNA_B_052_ACTCGACGCC,0
sci_RNA_B_052_TCTCTCATCC,0
sci_RNA_B_054_TCTCTCATCC,0
sci_RNA_B_054_CTGGTTGGTT,0
sci_RNA_B_055_AAGCATCCTA,0
sci_RNA_B_055_GCGGTTATTG,0
sci_RNA_B_055_CTTCATTAGA,0
sci_RNA_B_055_CCTAAGCGGT,0
sci_RNA_B_056_AAGCATCCTA,0
sci_RNA_B_056_ATCTAGGTTC,0
sci_RNA_B_057_ACGTTGAATG,0
sci_RNA_B_058_AAGCATCCTA,0
sci_RNA_B_058_GCGGTTATTG,0
sci_RNA_B_058_CTTCATTAGA,0
sci_RNA_B_058_CCATCGGACC,0
sci_RNA_B_061_ACGTTGAATG,0
sci_RNA_B_061_CCATCGGACC,0
sci_RNA_B_062_ACTCGACGCC,0
sci_RNA_B_062_GCGGTTATTG,0
sci_RNA_B_062_ACGTTGAATG,0
sci_RNA_B_063_ACGTTGAATG,0
sci_RNA_B_063_CCATCGGACC,0
sci_RNA_B_064_TCTCTCATCC,0
sci_RNA_C_002_CCATCGGACC,0
sci_RNA_C_003_CCTAAGCGGT,0
sci_RNA_C_004_GCGGTTATTG,0
sci_RNA_C_005_TTGATATGAA,0
sci_RNA_C_007_AAGCATCCTA,0
sci_RNA_C_007_GCGGTTATTG,0
sci_RNA_C_008_AAGCATCCTA,0
sci_RNA_C_008_GATTCCGGAA,0
sci_RNA_C_009_ACTCGACGCC,0
sci_RNA_C_009_ACTGGTAGAT,0
sci_RNA_C_009_TTGATATGAA,0
sci_RNA_C_010_ACTGGTAGAT,0
sci_RNA_C_010_CCATCGGACC,0
sci_RNA_C_010_GACCAATGCG,0
sci_RNA_C_010_TTGATATGAA,0
sci_RNA_C_012_CCTAAGCGGT,0
sci_RNA_C_013_GATTCCGGAA,0
sci_RNA_C_013_CCTAAGCGGT,0
sci_RNA_C_014_CCATCGGACC,0
sci_RNA_C_014_GACCAATGCG,0
sci_RNA_C_016_GCGGTTATTG,0
sci_RNA_C_017_CTTCATTAGA,0
sci_RNA_C_017_ACGCGCTCCT,0
sci_RNA_C_018_CTTCATTAGA,0
sci_RNA_C_018_ACGCGCTCCT,0
sci_RNA_C_019_AAGCATCCTA,0
sci_RNA_C_019_ATCTAGGTTC,0
sci_RNA_C_019_ACGCGCTCCT,0
sci_RNA_C_020_CCATCGGACC,0
sci_RNA_C_022_GGCTGCCTTA,0
sci_RNA_C_023_ACGCGCTCCT,0
sci_RNA_C_023_TTGATATGAA,0
sci_RNA_C_025_CTTCATTAGA,0
sci_RNA_C_026_ACTCGACGCC,0
sci_RNA_C_027_ACGCGCTCCT,0
sci_RNA_C_028_ATCTAGGTTC,0
sci_RNA_C_029_ACGTTGAATG,0
sci_RNA_C_029_CTTCATTAGA,0
sci_RNA_C_031_ACTCGACGCC,0
sci_RNA_C_031_ACGCGCTCCT,0
sci_RNA_C_032_GCGGTTATTG,0
sci_RNA_C_032_ACGCGCTCCT,0
sci_RNA_C_032_TTGATATGAA,0
sci_RNA_C_033_CCATCGGACC,0
sci_RNA_C_033_ACGCGCTCCT,0
sci_RNA_C_034_AAGCATCCTA,0
sci_RNA_C_034_ACGTTGAATG,0
sci_RNA_C_035_GATTCCGGAA,0
sci_RNA_C_035_ATCTAGGTTC,0
sci_RNA_C_036_ACGTTGAATG,0
sci_RNA_C_038_GCGGTTATTG,0
sci_RNA_C_038_CCTAAGCGGT,0
sci_RNA_C_040_GATTCCGGAA,0
sci_RNA_C_040_ACGCGCTCCT,0
sci_RNA_C_041_AAGCATCCTA,0
sci_RNA_C_041_ACTGGTAGAT,0
sci_RNA_C_041_GACCAATGCG,0
sci_RNA_C_042_AAGCATCCTA,0
sci_RNA_C_042_ATCTAGGTTC,0
sci_RNA_C_044_TCTCTCATCC,0
sci_RNA_C_045_ACTGGTAGAT,0
sci_RNA_C_045_CCTAAGCGGT,0
sci_RNA_C_045_TTGATATGAA,0
sci_RNA_C_048_GGCTGCCTTA,0
sci_RNA_C_050_TCTCTCATCC,0
sci_RNA_C_050_GGCTGCCTTA,0
sci_RNA_C_050_CTTCATTAGA,0
sci_RNA_C_051_CTTCATTAGA,0
sci_RNA_C_052_ACTCGACGCC,0
sci_RNA_C_052_CTTCATTAGA,0
sci_RNA_C_052_CCATCGGACC,0
sci_RNA_C_053_GGCTGCCTTA,0
sci_RNA_C_053_ACTGGTAGAT,0
sci_RNA_C_053_CTTCATTAGA,0
sci_RNA_C_054_GCGGTTATTG,0
sci_RNA_C_054_ACTGGTAGAT,0
sci_RNA_C_056_ACTCGACGCC,0
sci_RNA_C_056_CTGGTTGGTT,0
sci_RNA_C_058_ACTCGACGCC,0
sci_RNA_C_059_ATCTAGGTTC,0
sci_RNA_C_060_ACGCGCTCCT,0
sci_RNA_C_061_ACGTTGAATG,0
sci_RNA_C_061_CTTCATTAGA,0
sci_RNA_C_062_ACGTTGAATG,0
sci_RNA_C_062_ATCTAGGTTC,0
sci_RNA_C_063_TTGATATGAA,0
sci_RNA_C_064_CTGGTTGGTT,0
sci_RNA_C_066_AAGCATCCTA,0
sci_RNA_C_066_GATTCCGGAA,0
sci_RNA_C_066_ACTGGTAGAT,0
sci_RNA_C_066_ACGCGCTCCT,0
sci_RNA_C_067_ACTGGTAGAT,0
sci_RNA_C_068_GACCAATGCG,0
sci_RNA_C_070_GCGGTTATTG,0
sci_RNA_C_070_CCTAAGCGGT,0
sci_RNA_C_071_ACTGGTAGAT,0
sci_RNA_C_071_CTTCATTAGA,0
sci_RNA_C_071_ACGCGCTCCT,0
sci_RNA_C_072_AAGCATCCTA,0
sci_RNA_C_073_TCTCTCATCC,0
sci_RNA_C_073_GCGGTTATTG,0
sci_RNA_C_073_ACGTTGAATG,0
sci_RNA_C_074_GACCAATGCG,0
sci_RNA_C_075_GCGGTTATTG,0
sci_RNA_C_076_ACTCGACGCC,0
sci_RNA_C_077_TCTCTCATCC,0
sci_RNA_C_077_ACGTTGAATG,0
sci_RNA_C_078_AAGCATCCTA,0
sci_RNA_C_078_CCTAAGCGGT,0
sci_RNA_C_079_TCTCTCATCC,0
sci_RNA_C_079_GATTCCGGAA,0
sci_RNA_C_080_GATTCCGGAA,0
sci_RNA_C_081_ACTCGACGCC,0
sci_RNA_C_082_TCTCTCATCC,0
sci_RNA_C_082_GCGGTTATTG,0
sci_RNA_C_083_CTGGTTGGTT,0
sci_RNA_C_083_GACCAATGCG,0
sci_RNA_C_084_ACGCGCTCCT,0
sci_RNA_C_085_GCGGTTATTG,0
sci_RNA_C_085_ACTGGTAGAT,0
sci_RNA_C_086_CTGGTTGGTT,0
sci_RNA_C_086_CCATCGGACC,0
sci_RNA_C_087_ATCTAGGTTC,0
sci_RNA_C_088_ACTCGACGCC,0
sci_RNA_C_088_GCGGTTATTG,0
sci_RNA_C_088_GGCTGCCTTA,0
sci_RNA_C_088_CTTCATTAGA,0
sci_RNA_C_089_ATCTAGGTTC,0
sci_RNA_C_090_GATTCCGGAA,0
sci_RNA_C_090_GCGGTTATTG,0
sci_RNA_C_091_ACTGGTAGAT,0
sci_RNA_C_092_GGCTGCCTTA,0
sci_RNA_C_092_ATCTAGGTTC,0
sci_RNA_C_092_CCATCGGACC,0
sci_RNA_C_092_GACCAATGCG,0
sci_RNA_C_093_ACTCGACGCC,0
sci_RNA_C_093_TCTCTCATCC,0
sci_RNA_C_093_CCTAAGCGGT,0
sci_RNA_C_094_TCTCTCATCC,0
sci_RNA_C_095_ACGCGCTCCT,0
sci_RNA_D_001_TTGATATGAA,0
sci_RNA_D_002_ACTCGACGCC,0
sci_RNA_D_002_GGCTGCCTTA,0
sci_RNA_D_002_TTGATATGAA,0
sci_RNA_D_004_ACTCGACGCC,0
sci_RNA_D_004_ATCTAGGTTC,0
sci_RNA_D_004_GACCAATGCG,0
sci_RNA_D_005_ACTGGTAGAT,0
sci_RNA_D_005_ACGCGCTCCT,0
sci_RNA_D_008_TCTCTCATCC,0
sci_RNA_D_008_ATCTAGGTTC,0
sci_RNA_D_009_CTGGTTGGTT,0
sci_RNA_D_009_GCGGTTATTG,0
sci_RNA_D_011_TCTCTCATCC,0
sci_RNA_D_011_GGCTGCCTTA,0
sci_RNA_D_012_ACGTTGAATG,0
sci_RNA_D_013_ACTGGTAGAT,0
sci_RNA_D_013_CCATCGGACC,0
sci_RNA_D_014_GACCAATGCG,0
sci_RNA_D_015_CTTCATTAGA,0
sci_RNA_D_016_CTGGTTGGTT,0
sci_RNA_D_016_TTGATATGAA,0
sci_RNA_D_017_CTGGTTGGTT,0
sci_RNA_D_019_CCTAAGCGGT,0
sci_RNA_D_020_ACGTTGAATG,0
sci_RNA_D_020_CCTAAGCGGT,0
sci_RNA_D_021_GGCTGCCTTA,0
sci_RNA_D_021_ACTGGTAGAT,0
sci_RNA_D_022_ACGCGCTCCT,0
sci_RNA_D_023_CTTCATTAGA,0
sci_RNA_D_024_ACTCGACGCC,0
sci_RNA_D_024_CCTAAGCGGT,0
sci_RNA_D_024_ACGCGCTCCT,0
sci_RNA_D_025_CTGGTTGGTT,0
sci_RNA_D_025_CCATCGGACC,0
sci_RNA_D_026_TTGATATGAA,0
sci_RNA_D_027_GCGGTTATTG,0
sci_RNA_D_028_ACTCGACGCC,0
sci_RNA_D_028_CTGGTTGGTT,0
sci_RNA_D_029_CTGGTTGGTT,0
sci_RNA_D_029_ACGTTGAATG,0
sci_RNA_D_029_CTTCATTAGA,0
sci_RNA_D_030_CTTCATTAGA,0
sci_RNA_D_031_ACGCGCTCCT,0
sci_RNA_D_031_TTGATATGAA,0
sci_RNA_D_032_AAGCATCCTA,0
sci_RNA_D_036_CTGGTTGGTT,0
sci_RNA_D_036_GGCTGCCTTA,0
sci_RNA_D_036_ATCTAGGTTC,0
sci_RNA_D_037_CTGGTTGGTT,0
sci_RNA_D_037_CCTAAGCGGT,0
sci_RNA_D_037_TTGATATGAA,0
sci_RNA_D_038_TTGATATGAA,0
sci_RNA_D_039_TCTCTCATCC,0
sci_RNA_D_040_GCGGTTATTG,0
sci_RNA_D_041_ACTCGACGCC,0
sci_RNA_D_041_GCGGTTATTG,0
sci_RNA_D_041_GGCTGCCTTA,0
sci_RNA_D_042_TCTCTCATCC,0
sci_RNA_D_042_CTGGTTGGTT,0
sci_RNA_D_042_GCGGTTATTG,0
sci_RNA_D_042_GGCTGCCTTA,0
sci_RNA_D_044_TCTCTCATCC,0
sci_RNA_D_044_GACCAATGCG,0
sci_RNA_D_044_ACGCGCTCCT,0
sci_RNA_D_045_CTGGTTGGTT,0
sci_RNA_D_046_GCGGTTATTG,0
sci_RNA_D_048_ATCTAGGTTC,0
sci_RNA_D_048_ACGCGCTCCT,0
sci_RNA_D_049_CCATCGGACC,0
sci_RNA_D_050_ACGCGCTCCT,0
sci_RNA_D_051_GATTCCGGAA,0
sci_RNA_D_051_ATCTAGGTTC,0
sci_RNA_D_052_CTGGTTGGTT,0
sci_RNA_D_052_GGCTGCCTTA,0
sci_RNA_D_052_TTGATATGAA,0
sci_RNA_D_053_AAGCATCCTA,0
sci_RNA_D_054_TCTCTCATCC,0
sci_RNA_D_054_ACTGGTAGAT,0
sci_RNA_D_054_CCATCGGACC,0
sci_RNA_D_055_ACTGGTAGAT,0
sci_RNA_D_056_TTGATATGAA,0
sci_RNA_D_057_ATCTAGGTTC,0
sci_RNA_D_057_CCTAAGCGGT,0
sci_RNA_D_058_AAGCATCCTA,0
sci_RNA_D_058_CCATCGGACC,0
sci_RNA_D_060_ACTCGACGCC,0
sci_RNA_D_060_ATCTAGGTTC,0
sci_RNA_D_060_GACCAATGCG,0
sci_RNA_D_061_GCGGTTATTG,0
sci_RNA_D_061_TTGATATGAA,0
sci_RNA_D_062_CTGGTTGGTT,0
sci_RNA_D_062_GCGGTTATTG,0
sci_RNA_D_062_CTTCATTAGA,0
sci_RNA_D_063_GGCTGCCTTA,0
sci_RNA_D_064_CCATCGGACC,0
sci_RNA_D_065_GACCAATGCG,0
sci_RNA_D_066_ACGTTGAATG,0
sci_RNA_D_067_ACGTTGAATG,0
sci_RNA_D_069_TCTCTCATCC,0
sci_RNA_D_069_CCTAAGCGGT,0
sci_RNA_D_070_ACTGGTAGAT,0
sci_RNA_D_071_GATTCCGGAA,0
sci_RNA_D_071_GGCTGCCTTA,0
sci_RNA_D_071_CCTAAGCGGT,0
sci_RNA_D_072_ACTCGACGCC,0
sci_RNA_D_073_ACGTTGAATG,0
sci_RNA_D_074_TCTCTCATCC,0
sci_RNA_D_074_ACGCGCTCCT,0
sci_RNA_D_077_ACGTTGAATG,0
sci_RNA_D_078_GACCAATGCG,0
sci_RNA_D_078_ACGCGCTCCT,0
sci_RNA_D_079_GCGGTTATTG,0
sci_RNA_D_079_ATCTAGGTTC,0
sci_RNA_D_080_ACTGGTAGAT,0
sci_RNA_D_080_CCATCGGACC,0
sci_RNA_D_080_GACCAATGCG,0
sci_RNA_D_081_CCATCGGACC,0
sci_RNA_D_081_ACGCGCTCCT,0
sci_RNA_D_082_ACTGGTAGAT,0
sci_RNA_D_083_CCATCGGACC,0
sci_RNA_D_085_ATCTAGGTTC,0
sci_RNA_D_086_TCTCTCATCC,0
sci_RNA_D_088_CTGGTTGGTT,0
sci_RNA_D_088_GGCTGCCTTA,0
sci_RNA_D_089_ACTGGTAGAT,0
sci_RNA_D_089_GACCAATGCG,0
sci_RNA_D_090_ACTCGACGCC,0
sci_RNA_D_091_AAGCATCCTA,0
sci_RNA_D_091_GATTCCGGAA,0
sci_RNA_D_091_ACGCGCTCCT,0
sci_RNA_D_092_ACTCGACGCC,0
sci_RNA_D_092_GATTCCGGAA,0
sci_RNA_D_092_GCGGTTATTG,0
sci_RNA_D_092_GACCAATGCG,0
sci_RNA_D_093_GGCTGCCTTA,0
sci_RNA_D_094_AAGCATCCTA,0
sci_RNA_D_094_GATTCCGGAA,0
sci_RNA_D_095_ACTCGACGCC,0
sci_RNA_E_001_GATTCCGGAA,0
sci_RNA_E_002_GATTCCGGAA,0
sci_RNA_E_002_GACCAATGCG,0
sci_RNA_E_003_GATTCCGGAA,0
sci_RNA_E_003_ACGTTGAATG,0
sci_RNA_E_004_TTGATATGAA,0
sci_RNA_E_005_GATTCCGGAA,0
sci_RNA_E_006_TCTCTCATCC,0
sci_RNA_E_006_ACTGGTAGAT,0
sci_RNA_E_007_ACTCGACGCC,0
sci_RNA_E_007_GATTCCGGAA,0
sci_RNA_E_007_ACTGGTAGAT,0
sci_RNA_E_007_CCATCGGACC,0
sci_RNA_E_007_TTGATATGAA,0
sci_RNA_E_009_TTGATATGAA,0
sci_RNA_E_011_GCGGTTATTG,0
sci_RNA_E_011_ATCTAGGTTC,0
sci_RNA_E_012_CTGGTTGGTT,0
sci_RNA_E_012_GGCTGCCTTA,0
sci_RNA_E_012_CCTAAGCGGT,0
sci_RNA_E_013_TCTCTCATCC,0
sci_RNA_E_013_CTGGTTGGTT,0
sci_RNA_E_013_CCTAAGCGGT,0
sci_RNA_E_014_AAGCATCCTA,0
sci_RNA_E_014_ACTGGTAGAT,0
sci_RNA_E_015_ACTCGACGCC,0
sci_RNA_E_015_ACTGGTAGAT,0
sci_RNA_E_016_ACTCGACGCC,0
sci_RNA_E_016_TCTCTCATCC,0
sci_RNA_E_017_TTGATATGAA,0
sci_RNA_E_018_ACTCGACGCC,0
sci_RNA_E_018_TTGATATGAA,0
sci_RNA_E_019_GGCTGCCTTA,0
sci_RNA_E_021_TTGATATGAA,0
sci_RNA_E_022_ACTCGACGCC,0
sci_RNA_E_022_CTGGTTGGTT,0
sci_RNA_E_023_GATTCCGGAA,0
sci_RNA_E_027_ACGTTGAATG,0
sci_RNA_E_027_TTGATATGAA,0
sci_RNA_E_028_GCGGTTATTG,0
sci_RNA_E_028_ACGCGCTCCT,0
sci_RNA_E_029_ACTCGACGCC,0
sci_RNA_E_029_GGCTGCCTTA,0
sci_RNA_E_029_ACTGGTAGAT,0
sci_RNA_E_030_GATTCCGGAA,0
sci_RNA_E_030_GCGGTTATTG,0
sci_RNA_E_031_GGCTGCCTTA,0
sci_RNA_E_031_ACGCGCTCCT,0
sci_RNA_E_032_GCGGTTATTG,0
sci_RNA_E_032_GGCTGCCTTA,0
sci_RNA_E_032_ATCTAGGTTC,0
sci_RNA_E_033_CTGGTTGGTT,0
sci_RNA_E_034_ACTCGACGCC,0
sci_RNA_E_034_TCTCTCATCC,0
sci_RNA_E_034_ACGCGCTCCT,0
sci_RNA_E_035_ACTCGACGCC,0
sci_RNA_E_036_ACGCGCTCCT,0
sci_RNA_E_037_ACTCGACGCC,0
sci_RNA_E_037_ACTGGTAGAT,0
sci_RNA_E_038_TCTCTCATCC,0
sci_RNA_E_038_ATCTAGGTTC,0
sci_RNA_E_038_TTGATATGAA,0
sci_RNA_E_040_TTGATATGAA,0
sci_RNA_E_041_AAGCATCCTA,0
sci_RNA_E_045_ACTCGACGCC,0
sci_RNA_E_046_CCATCGGACC,0
sci_RNA_E_047_ACTGGTAGAT,0
sci_RNA_E_048_ACGCGCTCCT,0
sci_RNA_E_050_AAGCATCCTA,0
sci_RNA_E_051_AAGCATCCTA,0
sci_RNA_E_053_CTGGTTGGTT,0
sci_RNA_E_053_ACGTTGAATG,0
sci_RNA_E_054_AAGCATCCTA,0
sci_RNA_E_054_CCTAAGCGGT,0
sci_RNA_E_055_GATTCCGGAA,0
sci_RNA_E_055_GCGGTTATTG,0
sci_RNA_E_055_ACTGGTAGAT,0
sci_RNA_E_055_CCTAAGCGGT,0
sci_RNA_E_055_CCATCGGACC,0
sci_RNA_E_056_ACGTTGAATG,0
sci_RNA_E_056_ATCTAGGTTC,0
sci_RNA_E_056_CCATCGGACC,0
sci_RNA_E_058_GGCTGCCTTA,0
sci_RNA_E_058_CCATCGGACC,0
sci_RNA_E_059_ACTCGACGCC,0
sci_RNA_E_059_CTGGTTGGTT,0
sci_RNA_E_059_GGCTGCCTTA,0
sci_RNA_E_059_ATCTAGGTTC,0
sci_RNA_E_060_AAGCATCCTA,0
sci_RNA_E_060_GATTCCGGAA,0
sci_RNA_E_060_GCGGTTATTG,0
sci_RNA_E_061_AAGCATCCTA,0
sci_RNA_E_061_GCGGTTATTG,0
sci_RNA_E_061_ATCTAGGTTC,0
sci_RNA_E_061_ACGCGCTCCT,0
sci_RNA_E_062_ACTCGACGCC,0
sci_RNA_E_062_AAGCATCCTA,0
sci_RNA_E_062_TCTCTCATCC,0
sci_RNA_E_062_ACTGGTAGAT,0
sci_RNA_E_063_GGCTGCCTTA,0
sci_RNA_E_063_TTGATATGAA,0
sci_RNA_E_064_GATTCCGGAA,0
sci_RNA_E_064_GACCAATGCG,0
sci_RNA_E_065_CCTAAGCGGT,0
sci_RNA_E_065_CCATCGGACC,0
sci_RNA_E_066_ACTGGTAGAT,0
sci_RNA_E_067_ACTCGACGCC,0
sci_RNA_E_069_ACGTTGAATG,0
sci_RNA_E_070_CCTAAGCGGT,0
sci_RNA_E_070_CCATCGGACC,0
sci_RNA_E_070_ACGCGCTCCT,0
sci_RNA_E_070_TTGATATGAA,0
sci_RNA_E_071_CTGGTTGGTT,0
sci_RNA_E_071_CTTCATTAGA,0
sci_RNA_E_072_ACTGGTAGAT,0
sci_RNA_E_072_CTTCATTAGA,0
sci_RNA_E_073_ATCTAGGTTC,0
sci_RNA_E_074_ACTGGTAGAT,0
sci_RNA_E_075_GCGGTTATTG,0
sci_RNA_E_075_GGCTGCCTTA,0
sci_RNA_E_076_TCTCTCATCC,0
sci_RNA_E_076_TTGATATGAA,0
sci_RNA_E_077_GGCTGCCTTA,0
sci_RNA_E_077_GACCAATGCG,0
sci_RNA_E_078_CTGGTTGGTT,0
sci_RNA_E_080_CTTCATTAGA,0
sci_RNA_E_080_CCTAAGCGGT,0
sci_RNA_E_080_ACGCGCTCCT,0
sci_RNA_E_081_TCTCTCATCC,0
sci_RNA_E_081_ACTGGTAGAT,0
sci_RNA_E_083_GATTCCGGAA,0
sci_RNA_E_083_GGCTGCCTTA,0
sci_RNA_E_083_CTTCATTAGA,0
sci_RNA_E_084_GGCTGCCTTA,0
sci_RNA_E_087_GATTCCGGAA,0
sci_RNA_E_087_GGCTGCCTTA,0
sci_RNA_E_087_ACGTTGAATG,0
sci_RNA_E_088_CTGGTTGGTT,0
sci_RNA_E_088_GCGGTTATTG,0
sci_RNA_E_089_CCTAAGCGGT,0
sci_RNA_E_090_GATTCCGGAA,0
sci_RNA_E_090_CTTCATTAGA,0
sci_RNA_E_091_ACTGGTAGAT,0
sci_RNA_E_091_CCATCGGACC,0
sci_RNA_E_092_ACTCGACGCC,0
sci_RNA_E_092_ACTGGTAGAT,0
sci_RNA_E_093_CTTCATTAGA,0
sci_RNA_E_095_ACGCGCTCCT,0
sci_RNA_E_096_TCTCTCATCC,0
sci_RNA_A_001_TTCTATAGAG,1
sci_RNA_A_001_CGTCTATGAA,1
sci_RNA_A_002_AATCCGGTCA,1
sci_RNA_A_002_TTCGCTGCCT,1
sci_RNA_A_003_GGATTCTATC,1
sci_RNA_A_003_TTCTATAGAG,1
sci_RNA_A_003_TTCGCTGCCT,1
sci_RNA_A_003_TTCTCTACTA,1
sci_RNA_A_004_GTAGATGCGC,1
sci_RNA_A_005_CTATTAACCA,1
sci_RNA_A_005_GTAGATGCGC,1
sci_RNA_A_005_ACTCTACTGG,1
sci_RNA_A_006_AGCGATCCGC,1
sci_RNA_A_006_TTGCAGCATT,1
sci_RNA_A_006_TAGAATAGCC,1
sci_RNA_A_006_TCTAGTCAAG,1
sci_RNA_A_007_CCTATCATAA,1
sci_RNA_A_007_TAGAATAGCC,1
sci_RNA_A_008_GGATTCTATC,1
sci_RNA_A_008_AGGTAGAGCT,1
sci_RNA_A_008_GTAGATGCGC,1
sci_RNA_A_009_CCTATCATAA,1
sci_RNA_A_009_TTCTATAGAG,1
sci_RNA_A_010_AATCCGGTCA,1
sci_RNA_A_010_GGACGACGCA,1
sci_RNA_A_011_AGCGATCCGC,1
sci_RNA_A_011_TTCGCTGCCT,1
sci_RNA_A_013_AGCGATCCGC,1
sci_RNA_A_013_ACGGAGAATA,1
sci_RNA_A_013_TTGCAGCATT,1
sci_RNA_A_014_CCTATCATAA,1
sci_RNA_A_014_GGATTCTATC,1
sci_RNA_A_014_ACTCTACTGG,1
sci_RNA_A_015_GGCATCTACC,1
sci_RNA_A_015_AATCGAACTC,1
sci_RNA_A_015_CGTCTATGAA,1
sci_RNA_A_015_TTCGCTGCCT,1
sci_RNA_A_015_GGCTTCTGGA,1
sci_RNA_A_015_ACTCTACTGG,1
sci_RNA_A_016_GGCATCTACC,1
sci_RNA_A_016_AATCCGGTCA,1
sci_RNA_A_016_CTATTAACCA,1
sci_RNA_A_017_TTCTCTACTA,1
sci_RNA_A_018_AGCGATCCGC,1
sci_RNA_A_019_TTCTATAGAG,1
sci_RNA_A_019_CTATTAACCA,1
sci_RNA_A_019_TTCGCTGCCT,1
sci_RNA_A_020_ACGGAGAATA,1
sci_RNA_A_020_AGGTAGAGCT,1
sci_RNA_A_021_CCTATCATAA,1
sci_RNA_A_021_CGTCTATGAA,1
sci_RNA_A_021_GTAGATGCGC,1
sci_RNA_A_021_GGACGACGCA,1
sci_RNA_A_022_CCTATCATAA,1
sci_RNA_A_022_TTCTCTACTA,1
sci_RNA_A_023_AGCGATCCGC,1
sci_RNA_A_023_CCAGGCTCTT,1
sci_RNA_A_023_AATCGAACTC,1
sci_RNA_A_023_CTGAAGAGAC,1
sci_RNA_A_023_CGTCTATGAA,1
sci_RNA_A_023_TAGAATAGCC,1
sci_RNA_A_024_AATCGAACTC,1
sci_RNA_A_024_ACTCTACTGG,1
sci_RNA_A_024_TCTAGTCAAG,1
sci_RNA_A_025_GGATTCTATC,1
sci_RNA_A_025_TTCTATAGAG,1
sci_RNA_A_025_ACTCTACTGG,1
sci_RNA_A_026_AGCGATCCGC,1
sci_RNA_A_026_GGCATCTACC,1
sci_RNA_A_027_CGTCTATGAA,1
sci_RNA_A_028_AGCGATCCGC,1
sci_RNA_A_028_AATCCGGTCA,1
sci_RNA_A_028_ACTCTACTGG,1
sci_RNA_A_029_AGGTAGAGCT,1
sci_RNA_A_029_GTAGATGCGC,1
sci_RNA_A_030_GGATTCTATC,1
sci_RNA_A_030_CTATTAACCA,1
sci_RNA_A_030_TAGAATAGCC,1
sci_RNA_A_031_AATCGAACTC,1
sci_RNA_A_032_ACGGAGAATA,1
sci_RNA_A_034_CTGAAGAGAC,1
sci_RNA_A_035_TTCGCTGCCT,1
sci_RNA_A_035_GGACGACGCA,1
sci_RNA_A_036_TTCTATAGAG,1
sci_RNA_A_036_CGTCTATGAA,1
sci_RNA_A_036_AGGTAGAGCT,1
sci_RNA_A_037_AATCGAACTC,1
sci_RNA_A_037_AATCCGGTCA,1
sci_RNA_A_037_ACTCTACTGG,1
sci_RNA_A_039_AGCGATCCGC,1
sci_RNA_A_039_AATCCGGTCA,1
sci_RNA_A_039_CTGAAGAGAC,1
sci_RNA_A_039_CGTCTATGAA,1
sci_RNA_A_039_TTCGCTGCCT,1
sci_RNA_A_040_TTCTATAGAG,1
sci_RNA_A_041_CCAGGCTCTT,1
sci_RNA_A_041_CTGAAGAGAC,1
sci_RNA_A_042_ACGGAGAATA,1
sci_RNA_A_042_GGATTCTATC,1
sci_RNA_A_042_TTCTATAGAG,1
sci_RNA_A_043_TAGAATAGCC,1
sci_RNA_A_043_CCGCGCAGGT,1
sci_RNA_A_044_AATCGAACTC,1
sci_RNA_A_044_CGTCTATGAA,1
sci_RNA_A_046_ACGGAGAATA,1
sci_RNA_A_046_CCAGGCTCTT,1
sci_RNA_A_046_AATCGAACTC,1
sci_RNA_A_047_ACGGAGAATA,1
sci_RNA_A_047_AATCCGGTCA,1
sci_RNA_A_047_GGCTTCTGGA,1
sci_RNA_A_047_TTGCAGCATT,1
sci_RNA_A_048_AGCGATCCGC,1
sci_RNA_A_048_CCAGGCTCTT,1
sci_RNA_A_048_AATCGAACTC,1
sci_RNA_A_048_AATCCGGTCA,1
sci_RNA_A_048_TTCTCTACTA,1
sci_RNA_A_048_GTAGATGCGC,1
sci_RNA_A_048_TAGAATAGCC,1
sci_RNA_A_048_GGACGACGCA,1
sci_RNA_A_049_AGCGATCCGC,1
sci_RNA_A_050_CCTATCATAA,1
sci_RNA_A_050_CTGAAGAGAC,1
sci_RNA_A_050_CCGCGCAGGT,1
sci_RNA_A_051_CGTCTATGAA,1
sci_RNA_A_052_TTCGCTGCCT,1
sci_RNA_A_052_GGCTTCTGGA,1
sci_RNA_A_053_CTATTAACCA,1
sci_RNA_A_053_TTCGCTGCCT,1
sci_RNA_A_054_CGTCTATGAA,1
sci_RNA_A_054_TTGCAGCATT,1
sci_RNA_A_054_TCTAGTCAAG,1
sci_RNA_A_055_TTCTATAGAG,1
sci_RNA_A_055_AATCCGGTCA,1
sci_RNA_A_055_CGTCTATGAA,1
sci_RNA_A_056_AATCGAACTC,1
sci_RNA_A_056_CTATTAACCA,1
sci_RNA_A_056_ACTCTACTGG,1
sci_RNA_A_056_TAGAATAGCC,1
sci_RNA_A_056_CCTGAGAGCA,1
sci_RNA_A_057_AATCGAACTC,1
sci_RNA_A_057_TTGCAGCATT,1
sci_RNA_A_057_ACTCTACTGG,1
sci_RNA_A_058_CGTCTATGAA,1
sci_RNA_A_058_TTCTCTACTA,1
sci_RNA_A_059_TTCTATAGAG,1
sci_RNA_A_060_CCTATCATAA,1
sci_RNA_A_060_ACGGAGAATA,1
sci_RNA_A_060_TTCTATAGAG,1
sci_RNA_A_060_AATCGAACTC,1
sci_RNA_A_060_CTATTAACCA,1
sci_RNA_A_060_TAGAATAGCC,1
sci_RNA_A_060_TCTAGTCAAG,1
sci_RNA_A_061_ACGGAGAATA,1
sci_RNA_A_061_AATCGAACTC,1
sci_RNA_A_061_TAGAATAGCC,1
sci_RNA_A_062_AGCGATCCGC,1
sci_RNA_A_062_CGTCTATGAA,1
sci_RNA_A_062_TTCTCTACTA,1
sci_RNA_A_062_TTGCAGCATT,1
sci_RNA_A_062_TCTAGTCAAG,1
sci_RNA_A_063_GGCATCTACC,1
sci_RNA_A_063_CCAGGCTCTT,1
sci_RNA_A_063_AATCGAACTC,1
sci_RNA_A_063_CCGCGCAGGT,1
sci_RNA_A_064_CCAGGCTCTT,1
sci_RNA_A_064_TTCTATAGAG,1
sci_RNA_A_064_GTAGATGCGC,1
sci_RNA_A_065_GGATTCTATC,1
sci_RNA_A_065_TTCTATAGAG,1
sci_RNA_A_065_TTCTCTACTA,1
sci_RNA_A_065_ACTCTACTGG,1
sci_RNA_A_065_TCTAGTCAAG,1
sci_RNA_A_066_CGTCTATGAA,1
sci_RNA_A_066_TAGAATAGCC,1
sci_RNA_A_066_CCTGAGAGCA,1
sci_RNA_A_067_CCTGAGAGCA,1
sci_RNA_A_068_AGCGATCCGC,1
sci_RNA_A_068_CCAGGCTCTT,1
sci_RNA_A_068_CTATTAACCA,1
sci_RNA_A_068_AGGTAGAGCT,1
sci_RNA_A_068_TTGCAGCATT,1
sci_RNA_A_069_AGCGATCCGC,1
sci_RNA_A_069_AATCCGGTCA,1
sci_RNA_A_069_TTCGCTGCCT,1
sci_RNA_A_069_CCTGAGAGCA,1
sci_RNA_A_070_GGCATCTACC,1
sci_RNA_A_070_CGTCTATGAA,1
sci_RNA_A_070_TTCGCTGCCT,1
sci_RNA_A_070_TTGCAGCATT,1
sci_RNA_A_071_CTGAAGAGAC,1
sci_RNA_A_071_GGCTTCTGGA,1
sci_RNA_A_071_TTGCAGCATT,1
sci_RNA_A_072_CCAGGCTCTT,1
sci_RNA_A_072_CTATTAACCA,1
sci_RNA_A_073_CCTATCATAA,1
sci_RNA_A_073_GGACGACGCA,1
sci_RNA_A_073_TCTAGTCAAG,1
sci_RNA_A_074_ACGGAGAATA,1
sci_RNA_A_074_GGATTCTATC,1
sci_RNA_A_074_CTATTAACCA,1
sci_RNA_A_074_TCTAGTCAAG,1
sci_RNA_A_075_ACGGAGAATA,1
sci_RNA_A_075_TAGAATAGCC,1
sci_RNA_A_076_ACGGAGAATA,1
sci_RNA_A_076_CTGAAGAGAC,1
sci_RNA_A_076_AGGTAGAGCT,1
sci_RNA_A_077_AATCGAACTC,1
sci_RNA_A_077_AGGTAGAGCT,1
sci_RNA_A_077_ACTCTACTGG,1
sci_RNA_A_077_TAGAATAGCC,1
sci_RNA_A_078_AGCGATCCGC,1
sci_RNA_A_078_GGCATCTACC,1
sci_RNA_A_078_GGACGACGCA,1
sci_RNA_A_079_AATCGAACTC,1
sci_RNA_A_079_TTGCAGCATT,1
sci_RNA_A_079_GGACGACGCA,1
sci_RNA_A_080_GGATTCTATC,1
sci_RNA_A_081_CCTATCATAA,1
sci_RNA_A_081_CCAGGCTCTT,1
sci_RNA_A_081_TCTAGTCAAG,1
sci_RNA_A_082_CCTATCATAA,1
sci_RNA_A_082_CCAGGCTCTT,1
sci_RNA_A_082_TTCTCTACTA,1
sci_RNA_A_082_GTAGATGCGC,1
sci_RNA_A_083_CCTATCATAA,1
sci_RNA_A_083_CGTCTATGAA,1
sci_RNA_A_083_TTCGCTGCCT,1
sci_RNA_A_083_GTAGATGCGC,1
sci_RNA_A_084_TTCTATAGAG,1
sci_RNA_A_084_TAGAATAGCC,1
sci_RNA_A_085_AGCGATCCGC,1
sci_RNA_A_085_CCTATCATAA,1
sci_RNA_A_085_TTCTATAGAG,1
sci_RNA_A_085_AATCGAACTC,1
sci_RNA_A_085_CCTGAGAGCA,1
sci_RNA_A_085_TCTAGTCAAG,1
sci_RNA_A_086_GTAGATGCGC,1
sci_RNA_A_086_TTGCAGCATT,1
sci_RNA_A_087_AGCGATCCGC,1
sci_RNA_A_087_ACGGAGAATA,1
sci_RNA_A_088_GGCATCTACC,1
sci_RNA_A_089_CGTCTATGAA,1
sci_RNA_A_089_TTCTCTACTA,1
sci_RNA_A_090_ACGGAGAATA,1
sci_RNA_A_090_GGATTCTATC,1
sci_RNA_A_090_CTGAAGAGAC,1
sci_RNA_A_090_GGACGACGCA,1
sci_RNA_A_091_AATCCGGTCA,1
sci_RNA_A_091_TTCGCTGCCT,1
sci_RNA_A_092_TTCTCTACTA,1
sci_RNA_A_093_CCTATCATAA,1
sci_RNA_A_093_ACGGAGAATA,1
sci_RNA_A_093_GGCTTCTGGA,1
sci_RNA_A_093_ACTCTACTGG,1
sci_RNA_A_094_AGCGATCCGC,1
sci_RNA_A_094_GTAGATGCGC,1
sci_RNA_A_095_CCTATCATAA,1
sci_RNA_A_095_AATCGAACTC,1
sci_RNA_A_095_TCTAGTCAAG,1
sci_RNA_A_096_CTGAAGAGAC,1
sci_RNA_A_096_TTCGCTGCCT,1
sci_RNA_B_001_TTCTCTACTA,1
sci_RNA_B_001_TTGCAGCATT,1
sci_RNA_B_002_GGCATCTACC,1
sci_RNA_B_002_AATCCGGTCA,1
sci_RNA_B_002_CGTCTATGAA,1
sci_RNA_B_003_CCAGGCTCTT,1
sci_RNA_B_003_TTCTATAGAG,1
sci_RNA_B_004_GGATTCTATC,1
sci_RNA_B_004_TAGAATAGCC,1
sci_RNA_B_005_CCTATCATAA,1
sci_RNA_B_005_CGTCTATGAA,1
sci_RNA_B_005_TTGCAGCATT,1
sci_RNA_B_005_CCTGAGAGCA,1
sci_RNA_B_005_TCTAGTCAAG,1
sci_RNA_B_006_CCTATCATAA,1
sci_RNA_B_006_ACGGAGAATA,1
sci_RNA_B_006_CCTGAGAGCA,1
sci_RNA_B_007_CGTCTATGAA,1
sci_RNA_B_008_GGCATCTACC,1
sci_RNA_B_008_TTCTATAGAG,1
sci_RNA_B_008_AATCCGGTCA,1
sci_RNA_B_008_AGGTAGAGCT,1
sci_RNA_B_009_ACGGAGAATA,1
sci_RNA_B_009_CCTGAGAGCA,1
sci_RNA_B_010_CGTCTATGAA,1
sci_RNA_B_010_ACTCTACTGG,1
sci_RNA_B_011_GGATTCTATC,1
sci_RNA_B_011_GTAGATGCGC,1
sci_RNA_B_011_ACTCTACTGG,1
sci_RNA_B_011_TAGAATAGCC,1
sci_RNA_B_012_CCTATCATAA,1
sci_RNA_B_012_AATCGAACTC,1
sci_RNA_B_012_CGTCTATGAA,1
sci_RNA_B_012_GGACGACGCA,1
sci_RNA_B_013_AGCGATCCGC,1
sci_RNA_B_013_CCTATCATAA,1
sci_RNA_B_013_CTGAAGAGAC,1
sci_RNA_B_013_TTGCAGCATT,1
sci_RNA_B_013_TCTAGTCAAG,1
sci_RNA_B_014_TTCTCTACTA,1
sci_RNA_B_014_GGCTTCTGGA,1
sci_RNA_B_016_GGATTCTATC,1
sci_RNA_B_016_CTGAAGAGAC,1
sci_RNA_B_016_CCTGAGAGCA,1
sci_RNA_B_016_TCTAGTCAAG,1
sci_RNA_B_017_TTCTCTACTA,1
sci_RNA_B_017_TAGAATAGCC,1
sci_RNA_B_018_CCAGGCTCTT,1
sci_RNA_B_018_AATCGAACTC,1
sci_RNA_B_018_TTCGCTGCCT,1
sci_RNA_B_018_TCTAGTCAAG,1
sci_RNA_B_019_ACGGAGAATA,1
sci_RNA_B_019_GGCTTCTGGA,1
sci_RNA_B_019_CCGCGCAGGT,1
sci_RNA_B_020_CGTCTATGAA,1
sci_RNA_B_020_TTCGCTGCCT,1
sci_RNA_B_020_GGCTTCTGGA,1
sci_RNA_B_020_GTAGATGCGC,1
sci_RNA_B_020_TCTAGTCAAG,1
sci_RNA_B_021_CCAGGCTCTT,1
sci_RNA_B_021_TTCTCTACTA,1
sci_RNA_B_022_TTCTCTACTA,1
sci_RNA_B_022_TCTAGTCAAG,1
sci_RNA_B_022_CCGCGCAGGT,1
sci_RNA_B_023_TTCTATAGAG,1
sci_RNA_B_023_CCGCGCAGGT,1
sci_RNA_B_024_AGCGATCCGC,1
sci_RNA_B_024_ACGGAGAATA,1
sci_RNA_B_025_GGATTCTATC,1
sci_RNA_B_025_TTCTATAGAG,1
sci_RNA_B_025_CTATTAACCA,1
sci_RNA_B_025_CCTGAGAGCA,1
sci_RNA_B_025_GGACGACGCA,1
sci_RNA_B_025_TCTAGTCAAG,1
sci_RNA_B_026_TTCTATAGAG,1
sci_RNA_B_026_CTATTAACCA,1
sci_RNA_B_026_TTGCAGCATT,1
sci_RNA_B_026_GGACGACGCA,1
sci_RNA_B_027_CCAGGCTCTT,1
sci_RNA_B_028_TTCTATAGAG,1
sci_RNA_B_028_AATCCGGTCA,1
sci_RNA_B_028_CGTCTATGAA,1
sci_RNA_B_028_GTAGATGCGC,1
sci_RNA_B_028_CCGCGCAGGT,1
sci_RNA_B_029_TTCTATAGAG,1
sci_RNA_B_029_GTAGATGCGC,1
sci_RNA_B_030_TAGAATAGCC,1
sci_RNA_B_031_ACGGAGAATA,1
sci_RNA_B_032_AGCGATCCGC,1
sci_RNA_B_032_TTCTATAGAG,1
sci_RNA_B_032_TTCTCTACTA,1
sci_RNA_B_033_CTATTAACCA,1
sci_RNA_B_034_GGCTTCTGGA,1
sci_RNA_B_034_GGACGACGCA,1
sci_RNA_B_035_TTCTATAGAG,1
sci_RNA_B_035_CGTCTATGAA,1
sci_RNA_B_035_TTCTCTACTA,1
sci_RNA_B_036_AATCCGGTCA,1
sci_RNA_B_036_AGGTAGAGCT,1
sci_RNA_B_036_TTGCAGCATT,1
sci_RNA_B_037_ACGGAGAATA,1
sci_RNA_B_037_GGCATCTACC,1
sci_RNA_B_037_ACTCTACTGG,1
sci_RNA_B_038_AGGTAGAGCT,1
sci_RNA_B_038_TTCGCTGCCT,1
sci_RNA_B_039_CTATTAACCA,1
sci_RNA_B_039_CGTCTATGAA,1
sci_RNA_B_039_GGCTTCTGGA,1
sci_RNA_B_040_TTCGCTGCCT,1
sci_RNA_B_040_GGACGACGCA,1
sci_RNA_B_041_CCAGGCTCTT,1
sci_RNA_B_041_CTATTAACCA,1
sci_RNA_B_042_CCTATCATAA,1
sci_RNA_B_042_CTATTAACCA,1
sci_RNA_B_042_TTCGCTGCCT,1
sci_RNA_B_042_TAGAATAGCC,1
sci_RNA_B_042_CCTGAGAGCA,1
sci_RNA_B_042_TCTAGTCAAG,1
sci_RNA_B_043_CGTCTATGAA,1
sci_RNA_B_043_TTCTCTACTA,1
sci_RNA_B_044_GGATTCTATC,1
sci_RNA_B_044_CGTCTATGAA,1
sci_RNA_B_044_TTCGCTGCCT,1
sci_RNA_B_044_CCGCGCAGGT,1
sci_RNA_B_045_AATCGAACTC,1
sci_RNA_B_045_TTGCAGCATT,1
sci_RNA_B_046_CTATTAACCA,1
sci_RNA_B_046_TTGCAGCATT,1
sci_RNA_B_047_TTCTATAGAG,1
sci_RNA_B_047_CTATTAACCA,1
sci_RNA_B_047_ACTCTACTGG,1
sci_RNA_B_048_ACGGAGAATA,1
sci_RNA_B_048_AATCGAACTC,1
sci_RNA_B_048_CTATTAACCA,1
sci_RNA_B_048_AGGTAGAGCT,1
sci_RNA_B_048_TTCTCTACTA,1
sci_RNA_B_048_CCTGAGAGCA,1
sci_RNA_B_049_ACGGAGAATA,1
sci_RNA_B_049_TTCTATAGAG,1
sci_RNA_B_049_CTATTAACCA,1
sci_RNA_B_049_TTCGCTGCCT,1
sci_RNA_B_049_TTCTCTACTA,1
sci_RNA_B_049_TCTAGTCAAG,1
sci_RNA_B_050_TTCTATAGAG,1
sci_RNA_B_050_CTATTAACCA,1
sci_RNA_B_050_CTGAAGAGAC,1
sci_RNA_B_051_ACGGAGAATA,1
sci_RNA_B_051_AGGTAGAGCT,1
sci_RNA_B_052_AGCGATCCGC,1
sci_RNA_B_052_GGCATCTACC,1
sci_RNA_B_052_TTCTATAGAG,1
sci_RNA_B_052_GGACGACGCA,1
sci_RNA_B_052_CCGCGCAGGT,1
sci_RNA_B_053_CCAGGCTCTT,1
sci_RNA_B_053_GGCTTCTGGA,1
sci_RNA_B_054_AATCGAACTC,1
sci_RNA_B_054_CGTCTATGAA,1
sci_RNA_B_055_GGCATCTACC,1
sci_RNA_B_055_CGTCTATGAA,1
sci_RNA_B_056_TTCTATAGAG,1
sci_RNA_B_056_CTATTAACCA,1
sci_RNA_B_056_GTAGATGCGC,1
sci_RNA_B_057_GGCTTCTGGA,1
sci_RNA_B_058_CCTATCATAA,1
sci_RNA_B_059_GGCATCTACC,1
sci_RNA_B_059_AATCGAACTC,1
sci_RNA_B_059_CGTCTATGAA,1
sci_RNA_B_059_TTGCAGCATT,1
sci_RNA_B_060_CCTATCATAA,1
sci_RNA_B_060_AATCGAACTC,1
sci_RNA_B_061_GGCTTCTGGA,1
sci_RNA_B_061_ACTCTACTGG,1
sci_RNA_B_061_CCGCGCAGGT,1
sci_RNA_B_062_ACGGAGAATA,1
sci_RNA_B_062_AATCCGGTCA,1
sci_RNA_B_062_CTATTAACCA,1
sci_RNA_B_062_TTGCAGCATT,1
sci_RNA_B_062_TCTAGTCAAG,1
sci_RNA_B_063_AGCGATCCGC,1
sci_RNA_B_063_TTGCAGCATT,1
sci_RNA_B_064_AGCGATCCGC,1
sci_RNA_C_001_ACGGAGAATA,1
sci_RNA_C_001_CCAGGCTCTT,1
sci_RNA_C_001_CGTCTATGAA,1
sci_RNA_C_001_ACTCTACTGG,1
sci_RNA_C_001_GGACGACGCA,1
sci_RNA_C_002_TTCTCTACTA,1
sci_RNA_C_003_ACGGAGAATA,1
sci_RNA_C_003_GGCTTCTGGA,1
sci_RNA_C_004_AGCGATCCGC,1
sci_RNA_C_004_CCTATCATAA,1
sci_RNA_C_004_ACGGAGAATA,1
sci_RNA_C_004_CTATTAACCA,1
sci_RNA_C_004_TTCGCTGCCT,1
sci_RNA_C_004_GGCTTCTGGA,1
sci_RNA_C_004_TCTAGTCAAG,1
sci_RNA_C_005_AATCCGGTCA,1
sci_RNA_C_005_GGACGACGCA,1
sci_RNA_C_006_ACGGAGAATA,1
sci_RNA_C_006_TTCGCTGCCT,1
sci_RNA_C_006_TTGCAGCATT,1
sci_RNA_C_007_TTCTATAGAG,1
sci_RNA_C_007_AATCCGGTCA,1
sci_RNA_C_008_GGCATCTACC,1
sci_RNA_C_008_AGGTAGAGCT,1
sci_RNA_C_009_ACTCTACTGG,1
sci_RNA_C_010_TTCTATAGAG,1
sci_RNA_C_010_AATCCGGTCA,1
sci_RNA_C_010_CTGAAGAGAC,1
sci_RNA_C_010_GTAGATGCGC,1
sci_RNA_C_011_ACGGAGAATA,1
sci_RNA_C_011_AATCCGGTCA,1
sci_RNA_C_012_ACGGAGAATA,1
sci_RNA_C_012_ACTCTACTGG,1
sci_RNA_C_013_TTCGCTGCCT,1
sci_RNA_C_013_GGCTTCTGGA,1
sci_RNA_C_013_ACTCTACTGG,1
sci_RNA_C_014_GGATTCTATC,1
sci_RNA_C_014_AATCGAACTC,1
sci_RNA_C_014_AATCCGGTCA,1
sci_RNA_C_014_ACTCTACTGG,1
sci_RNA_C_014_TCTAGTCAAG,1
sci_RNA_C_015_CCAGGCTCTT,1
sci_RNA_C_015_TTCTATAGAG,1
sci_RNA_C_015_CTATTAACCA,1
sci_RNA_C_015_ACTCTACTGG,1
sci_RNA_C_016_ACGGAGAATA,1
sci_RNA_C_016_AATCCGGTCA,1
sci_RNA_C_016_GGCTTCTGGA,1
sci_RNA_C_016_TCTAGTCAAG,1
sci_RNA_C_017_TTCTATAGAG,1
sci_RNA_C_017_AATCGAACTC,1
sci_RNA_C_017_TTGCAGCATT,1
sci_RNA_C_018_TTCTATAGAG,1
sci_RNA_C_018_TTCTCTACTA,1
sci_RNA_C_018_GTAGATGCGC,1
sci_RNA_C_019_AATCCGGTCA,1
sci_RNA_C_019_CGTCTATGAA,1
sci_RNA_C_019_CCTGAGAGCA,1
sci_RNA_C_019_TCTAGTCAAG,1
sci_RNA_C_020_AATCGAACTC,1
sci_RNA_C_020_TTCTCTACTA,1
sci_RNA_C_021_ACGGAGAATA,1
sci_RNA_C_021_TTCGCTGCCT,1
sci_RNA_C_021_TTGCAGCATT,1
sci_RNA_C_021_TAGAATAGCC,1
sci_RNA_C_021_CCTGAGAGCA,1
sci_RNA_C_022_CGTCTATGAA,1
sci_RNA_C_023_CCTGAGAGCA,1
sci_RNA_C_024_GGATTCTATC,1
sci_RNA_C_024_CGTCTATGAA,1
sci_RNA_C_024_TAGAATAGCC,1
sci_RNA_C_025_TCTAGTCAAG,1
sci_RNA_C_026_AGCGATCCGC,1
sci_RNA_C_026_CCTATCATAA,1
sci_RNA_C_026_AGGTAGAGCT,1
sci_RNA_C_026_TAGAATAGCC,1
sci_RNA_C_026_GGACGACGCA,1
sci_RNA_C_027_GGCATCTACC,1
sci_RNA_C_027_CGTCTATGAA,1
sci_RNA_C_028_CCTATCATAA,1
sci_RNA_C_028_ACGGAGAATA,1
sci_RNA_C_028_AATCGAACTC,1
sci_RNA_C_028_TAGAATAGCC,1
sci_RNA_C_029_AATCCGGTCA,1
sci_RNA_C_029_CTATTAACCA,1
sci_RNA_C_029_ACTCTACTGG,1
sci_RNA_C_030_CCTATCATAA,1
sci_RNA_C_030_CCAGGCTCTT,1
sci_RNA_C_030_GTAGATGCGC,1
sci_RNA_C_031_TTCTATAGAG,1
sci_RNA_C_031_AATCCGGTCA,1
sci_RNA_C_031_TAGAATAGCC,1
sci_RNA_C_032_CTATTAACCA,1
sci_RNA_C_033_ACTCTACTGG,1
sci_RNA_C_033_TAGAATAGCC,1
sci_RNA_C_034_CCTATCATAA,1
sci_RNA_C_034_TTCGCTGCCT,1
sci_RNA_C_035_CCAGGCTCTT,1
sci_RNA_C_036_GTAGATGCGC,1
sci_RNA_C_036_TTGCAGCATT,1
sci_RNA_C_037_GGCATCTACC,1
sci_RNA_C_038_AGCGATCCGC,1
sci_RNA_C_038_ACGGAGAATA,1
sci_RNA_C_038_ACTCTACTGG,1
sci_RNA_C_038_CCGCGCAGGT,1
sci_RNA_C_039_GGATTCTATC,1
sci_RNA_C_039_TTCGCTGCCT,1
sci_RNA_C_040_GGATTCTATC,1
sci_RNA_C_040_CTATTAACCA,1
sci_RNA_C_040_TTGCAGCATT,1
sci_RNA_C_041_AATCCGGTCA,1
sci_RNA_C_041_CGTCTATGAA,1
sci_RNA_C_042_AGCGATCCGC,1
sci_RNA_C_042_ACGGAGAATA,1
sci_RNA_C_042_CCAGGCTCTT,1
sci_RNA_C_042_CCGCGCAGGT,1
sci_RNA_C_043_AGCGATCCGC,1
sci_RNA_C_043_GTAGATGCGC,1
sci_RNA_C_043_CCTGAGAGCA,1
sci_RNA_C_044_CCTATCATAA,1
sci_RNA_C_044_CGTCTATGAA,1
sci_RNA_C_044_ACTCTACTGG,1
sci_RNA_C_045_CTATTAACCA,1
sci_RNA_C_045_TTGCAGCATT,1
sci_RNA_C_045_TCTAGTCAAG,1
sci_RNA_C_046_CGTCTATGAA,1
sci_RNA_C_046_TTCTCTACTA,1
sci_RNA_C_047_CGTCTATGAA,1
sci_RNA_C_048_TTGCAGCATT,1
sci_RNA_C_049_CCGCGCAGGT,1
sci_RNA_C_050_GGCATCTACC,1
sci_RNA_C_050_AATCCGGTCA,1
sci_RNA_C_050_ACTCTACTGG,1
sci_RNA_C_051_GGATTCTATC,1
sci_RNA_C_051_TTCTATAGAG,1
sci_RNA_C_051_CGTCTATGAA,1
sci_RNA_C_051_GGCTTCTGGA,1
sci_RNA_C_052_GGCTTCTGGA,1
sci_RNA_C_052_GTAGATGCGC,1
sci_RNA_C_053_TTCTCTACTA,1
sci_RNA_C_054_CTATTAACCA,1
sci_RNA_C_054_CGTCTATGAA,1
sci_RNA_C_054_GGACGACGCA,1
sci_RNA_C_055_AATCCGGTCA,1
sci_RNA_C_055_GGCTTCTGGA,1
sci_RNA_C_056_AATCGAACTC,1
sci_RNA_C_056_AATCCGGTCA,1
sci_RNA_C_056_GGCTTCTGGA,1
sci_RNA_C_056_GGACGACGCA,1
sci_RNA_C_057_GGATTCTATC,1
sci_RNA_C_057_AATCGAACTC,1
sci_RNA_C_057_TTGCAGCATT,1
sci_RNA_C_057_TCTAGTCAAG,1
sci_RNA_C_058_AGCGATCCGC,1
sci_RNA_C_058_TTCTCTACTA,1
sci_RNA_C_059_GGATTCTATC,1
sci_RNA_C_059_CCAGGCTCTT,1
sci_RNA_C_059_AATCGAACTC,1
sci_RNA_C_059_GGACGACGCA,1
sci_RNA_C_060_ACGGAGAATA,1
sci_RNA_C_060_CTGAAGAGAC,1
sci_RNA_C_060_CGTCTATGAA,1
sci_RNA_C_060_TTCTCTACTA,1
sci_RNA_C_060_GGCTTCTGGA,1
sci_RNA_C_060_TTGCAGCATT,1
sci_RNA_C_061_CCTATCATAA,1
sci_RNA_C_061_CTGAAGAGAC,1
sci_RNA_C_061_CGTCTATGAA,1
sci_RNA_C_061_GGCTTCTGGA,1
sci_RNA_C_062_CCTATCATAA,1
sci_RNA_C_062_CGTCTATGAA,1
sci_RNA_C_062_ACTCTACTGG,1
sci_RNA_C_062_TCTAGTCAAG,1
sci_RNA_C_063_CTATTAACCA,1
sci_RNA_C_063_TTCTCTACTA,1
sci_RNA_C_063_GGACGACGCA,1
sci_RNA_C_064_AGGTAGAGCT,1
sci_RNA_C_064_CCTGAGAGCA,1
sci_RNA_C_064_TCTAGTCAAG,1
sci_RNA_C_065_TAGAATAGCC,1
sci_RNA_C_066_CTGAAGAGAC,1
sci_RNA_C_067_AATCGAACTC,1
sci_RNA_C_067_CTGAAGAGAC,1
sci_RNA_C_067_TTGCAGCATT,1
sci_RNA_C_067_GGACGACGCA,1
sci_RNA_C_068_CCTATCATAA,1
sci_RNA_C_069_AATCCGGTCA,1
sci_RNA_C_070_AATCGAACTC,1
sci_RNA_C_070_AATCCGGTCA,1
sci_RNA_C_071_TTCTATAGAG,1
sci_RNA_C_071_AGGTAGAGCT,1
sci_RNA_C_072_CCAGGCTCTT,1
sci_RNA_C_072_TAGAATAGCC,1
sci_RNA_C_073_AGCGATCCGC,1
sci_RNA_C_073_GTAGATGCGC,1
sci_RNA_C_074_AGCGATCCGC,1
sci_RNA_C_074_CCAGGCTCTT,1
sci_RNA_C_074_CGTCTATGAA,1
sci_RNA_C_074_TTCGCTGCCT,1
sci_RNA_C_074_TTCTCTACTA,1
sci_RNA_C_075_ACGGAGAATA,1
sci_RNA_C_075_AATCGAACTC,1
sci_RNA_C_075_GGCTTCTGGA,1
sci_RNA_C_075_TTGCAGCATT,1
sci_RNA_C_075_ACTCTACTGG,1
sci_RNA_C_075_TCTAGTCAAG,1
sci_RNA_C_076_CCAGGCTCTT,1
sci_RNA_C_076_CTGAAGAGAC,1
sci_RNA_C_076_CGTCTATGAA,1
sci_RNA_C_076_TTCGCTGCCT,1
sci_RNA_C_077_ACGGAGAATA,1
sci_RNA_C_077_AATCCGGTCA,1
sci_RNA_C_077_CGTCTATGAA,1
sci_RNA_C_077_TTGCAGCATT,1
sci_RNA_C_077_GGACGACGCA,1
sci_RNA_C_078_TTCTCTACTA,1
sci_RNA_C_079_TAGAATAGCC,1
sci_RNA_C_080_GGATTCTATC,1
sci_RNA_C_081_ACGGAGAATA,1
sci_RNA_C_081_AATCCGGTCA,1
sci_RNA_C_082_GTAGATGCGC,1
sci_RNA_C_082_TTGCAGCATT,1
sci_RNA_C_083_AATCCGGTCA,1
sci_RNA_C_083_CGTCTATGAA,1
sci_RNA_C_083_TCTAGTCAAG,1
sci_RNA_C_084_CCAGGCTCTT,1
sci_RNA_C_085_TTCTATAGAG,1
sci_RNA_C_086_AATCGAACTC,1
sci_RNA_C_086_CTGAAGAGAC,1
sci_RNA_C_086_GGACGACGCA,1
sci_RNA_C_087_GGCATCTACC,1
sci_RNA_C_087_GGATTCTATC,1
sci_RNA_C_087_CTGAAGAGAC,1
sci_RNA_C_087_TTCGCTGCCT,1
sci_RNA_C_087_TTCTCTACTA,1
sci_RNA_C_087_TTGCAGCATT,1
sci_RNA_C_088_TTCTATAGAG,1
sci_RNA_C_088_GGACGACGCA,1
sci_RNA_C_089_AGCGATCCGC,1
sci_RNA_C_089_TAGAATAGCC,1
sci_RNA_C_089_CCGCGCAGGT,1
sci_RNA_C_090_TTCTCTACTA,1
sci_RNA_C_090_TTGCAGCATT,1
sci_RNA_C_091_CCGCGCAGGT,1
sci_RNA_C_092_TTGCAGCATT,1
sci_RNA_C_093_AGCGATCCGC,1
sci_RNA_C_093_AATCCGGTCA,1
sci_RNA_C_093_CTGAAGAGAC,1
sci_RNA_C_093_CGTCTATGAA,1
sci_RNA_C_093_TTCTCTACTA,1
sci_RNA_C_093_TAGAATAGCC,1
sci_RNA_C_094_TTCTATAGAG,1
sci_RNA_C_095_AGCGATCCGC,1
sci_RNA_C_095_TTCTATAGAG,1
sci_RNA_C_095_ACTCTACTGG,1
sci_RNA_C_095_CCGCGCAGGT,1
sci_RNA_C_096_GGCATCTACC,1
sci_RNA_C_096_GGATTCTATC,1
sci_RNA_C_096_AATCCGGTCA,1
sci_RNA_C_096_CGTCTATGAA,1
sci_RNA_C_096_TTGCAGCATT,1
sci_RNA_D_001_GGATTCTATC,1
sci_RNA_D_001_CCTGAGAGCA,1
sci_RNA_D_002_GGATTCTATC,1
sci_RNA_D_002_TTCGCTGCCT,1
sci_RNA_D_002_TTGCAGCATT,1
sci_RNA_D_003_AATCGAACTC,1
sci_RNA_D_003_CTATTAACCA,1
sci_RNA_D_003_GTAGATGCGC,1
sci_RNA_D_003_CCGCGCAGGT,1
sci_RNA_D_004_ACGGAGAATA,1
sci_RNA_D_004_AATCCGGTCA,1
sci_RNA_D_005_AATCGAACTC,1
sci_RNA_D_005_GGCTTCTGGA,1
sci_RNA_D_005_TTGCAGCATT,1
sci_RNA_D_005_ACTCTACTGG,1
sci_RNA_D_005_GGACGACGCA,1
sci_RNA_D_006_TTGCAGCATT,1
sci_RNA_D_006_TCTAGTCAAG,1
sci_RNA_D_007_CTGAAGAGAC,1
sci_RNA_D_007_ACTCTACTGG,1
sci_RNA_D_008_AGCGATCCGC,1
sci_RNA_D_008_CCAGGCTCTT,1
sci_RNA_D_009_ACGGAGAATA,1
sci_RNA_D_009_TTGCAGCATT,1
sci_RNA_D_010_AGCGATCCGC,1
sci_RNA_D_010_CCTATCATAA,1
sci_RNA_D_010_GGCATCTACC,1
sci_RNA_D_010_GGATTCTATC,1
sci_RNA_D_010_CCAGGCTCTT,1
sci_RNA_D_010_AATCCGGTCA,1
sci_RNA_D_010_GGCTTCTGGA,1
sci_RNA_D_011_CCAGGCTCTT,1
sci_RNA_D_011_TTCTATAGAG,1
sci_RNA_D_011_TAGAATAGCC,1
sci_RNA_D_011_TCTAGTCAAG,1
sci_RNA_D_012_CCAGGCTCTT,1
sci_RNA_D_012_AATCCGGTCA,1
sci_RNA_D_012_ACTCTACTGG,1
sci_RNA_D_013_GGATTCTATC,1
sci_RNA_D_013_AGGTAGAGCT,1
sci_RNA_D_013_TTCGCTGCCT,1
sci_RNA_D_013_TCTAGTCAAG,1
sci_RNA_D_014_CCTATCATAA,1
sci_RNA_D_014_CCAGGCTCTT,1
sci_RNA_D_014_AGGTAGAGCT,1
sci_RNA_D_014_TTGCAGCATT,1
sci_RNA_D_014_GGACGACGCA,1
sci_RNA_D_015_TTGCAGCATT,1
sci_RNA_D_016_CTATTAACCA,1
sci_RNA_D_016_CGTCTATGAA,1
sci_RNA_D_017_TTCTATAGAG,1
sci_RNA_D_017_GTAGATGCGC,1
sci_RNA_D_017_TAGAATAGCC,1
sci_RNA_D_018_CCAGGCTCTT,1
sci_RNA_D_018_GTAGATGCGC,1
sci_RNA_D_018_TTGCAGCATT,1
sci_RNA_D_018_CCTGAGAGCA,1
sci_RNA_D_019_CTATTAACCA,1
sci_RNA_D_020_TTCGCTGCCT,1
sci_RNA_D_020_TAGAATAGCC,1
sci_RNA_D_020_CCTGAGAGCA,1
sci_RNA_D_021_GGCATCTACC,1
sci_RNA_D_021_TTCTATAGAG,1
sci_RNA_D_022_AATCGAACTC,1
sci_RNA_D_022_TTCTCTACTA,1
sci_RNA_D_023_TTCGCTGCCT,1
sci_RNA_D_024_CCAGGCTCTT,1
sci_RNA_D_024_AATCGAACTC,1
sci_RNA_D_024_TTCTCTACTA,1
sci_RNA_D_025_CGTCTATGAA,1
sci_RNA_D_025_GGCTTCTGGA,1
sci_RNA_D_025_GTAGATGCGC,1
sci_RNA_D_026_AGGTAGAGCT,1
sci_RNA_D_026_TTCTCTACTA,1
sci_RNA_D_026_TAGAATAGCC,1
sci_RNA_D_026_GGACGACGCA,1
sci_RNA_D_027_ACGGAGAATA,1
sci_RNA_D_027_CCAGGCTCTT,1
sci_RNA_D_027_GGCTTCTGGA,1
sci_RNA_D_028_GGCATCTACC,1
sci_RNA_D_028_CCTGAGAGCA,1
sci_RNA_D_029_CCTATCATAA,1
sci_RNA_D_029_AATCCGGTCA,1
sci_RNA_D_029_CTGAAGAGAC,1
sci_RNA_D_029_CGTCTATGAA,1
sci_RNA_D_029_TTCGCTGCCT,1
sci_RNA_D_029_TTCTCTACTA,1
sci_RNA_D_029_GTAGATGCGC,1
sci_RNA_D_029_TAGAATAGCC,1
sci_RNA_D_030_ACGGAGAATA,1
sci_RNA_D_030_GGCATCTACC,1
sci_RNA_D_030_GGATTCTATC,1
sci_RNA_D_031_ACGGAGAATA,1
sci_RNA_D_031_TTCGCTGCCT,1
sci_RNA_D_031_GTAGATGCGC,1
sci_RNA_D_032_GGATTCTATC,1
sci_RNA_D_032_AATCGAACTC,1
sci_RNA_D_032_CGTCTATGAA,1
sci_RNA_D_032_TAGAATAGCC,1
sci_RNA_D_033_GGCATCTACC,1
sci_RNA_D_033_TTCTATAGAG,1
sci_RNA_D_033_TTGCAGCATT,1
sci_RNA_D_034_ACGGAGAATA,1
sci_RNA_D_034_AATCGAACTC,1
sci_RNA_D_034_CTATTAACCA,1
sci_RNA_D_034_CGTCTATGAA,1
sci_RNA_D_034_ACTCTACTGG,1
sci_RNA_D_035_CCTATCATAA,1
sci_RNA_D_035_CCAGGCTCTT,1
sci_RNA_D_035_AATCGAACTC,1
sci_RNA_D_035_GTAGATGCGC,1
sci_RNA_D_035_ACTCTACTGG,1
sci_RNA_D_035_CCGCGCAGGT,1
sci_RNA_D_036_CTATTAACCA,1
sci_RNA_D_036_TTCTCTACTA,1
sci_RNA_D_036_GGCTTCTGGA,1
sci_RNA_D_036_ACTCTACTGG,1
sci_RNA_D_037_AGCGATCCGC,1
sci_RNA_D_037_CGTCTATGAA,1
sci_RNA_D_037_AGGTAGAGCT,1
sci_RNA_D_038_GGCATCTACC,1
sci_RNA_D_038_GGATTCTATC,1
sci_RNA_D_038_AATCGAACTC,1
sci_RNA_D_038_ACTCTACTGG,1
sci_RNA_D_038_CCTGAGAGCA,1
sci_RNA_D_038_TCTAGTCAAG,1
sci_RNA_D_039_CCTATCATAA,1
sci_RNA_D_039_AATCGAACTC,1
sci_RNA_D_039_CTATTAACCA,1
sci_RNA_D_039_CGTCTATGAA,1
sci_RNA_D_039_TTCGCTGCCT,1
sci_RNA_D_039_TCTAGTCAAG,1
sci_RNA_D_040_CTATTAACCA,1
sci_RNA_D_040_TTCTCTACTA,1
sci_RNA_D_040_TTGCAGCATT,1
sci_RNA_D_041_CTGAAGAGAC,1
sci_RNA_D_041_GGCTTCTGGA,1
sci_RNA_D_041_CCTGAGAGCA,1
sci_RNA_D_042_CCGCGCAGGT,1
sci_RNA_D_044_AGCGATCCGC,1
sci_RNA_D_044_CTATTAACCA,1
sci_RNA_D_044_TAGAATAGCC,1
sci_RNA_D_045_CGTCTATGAA,1
sci_RNA_D_045_CCGCGCAGGT,1
sci_RNA_D_046_AGCGATCCGC,1
sci_RNA_D_046_GGCTTCTGGA,1
sci_RNA_D_047_GTAGATGCGC,1
sci_RNA_D_047_GGACGACGCA,1
sci_RNA_D_048_CCTATCATAA,1
sci_RNA_D_048_TTCTCTACTA,1
sci_RNA_D_048_TCTAGTCAAG,1
sci_RNA_D_049_TTCTATAGAG,1
sci_RNA_D_049_TTCGCTGCCT,1
sci_RNA_D_050_GGCATCTACC,1
sci_RNA_D_050_GGCTTCTGGA,1
sci_RNA_D_050_TTGCAGCATT,1
sci_RNA_D_051_AATCGAACTC,1
sci_RNA_D_052_CCTGAGAGCA,1
sci_RNA_D_053_CCTATCATAA,1
sci_RNA_D_053_ACGGAGAATA,1
sci_RNA_D_053_TTCTATAGAG,1
sci_RNA_D_053_GGCTTCTGGA,1
sci_RNA_D_054_AATCCGGTCA,1
sci_RNA_D_055_AATCCGGTCA,1
sci_RNA_D_055_CGTCTATGAA,1
sci_RNA_D_055_TAGAATAGCC,1
sci_RNA_D_056_GGCATCTACC,1
sci_RNA_D_056_GGATTCTATC,1
sci_RNA_D_056_TAGAATAGCC,1
sci_RNA_D_057_ACGGAGAATA,1
sci_RNA_D_057_CCAGGCTCTT,1
sci_RNA_D_057_TAGAATAGCC,1
sci_RNA_D_058_AATCGAACTC,1
sci_RNA_D_059_TTCTATAGAG,1
sci_RNA_D_059_CGTCTATGAA,1
sci_RNA_D_059_TTCGCTGCCT,1
sci_RNA_D_060_AATCGAACTC,1
sci_RNA_D_061_ACGGAGAATA,1
sci_RNA_D_061_AATCGAACTC,1
sci_RNA_D_061_GGACGACGCA,1
sci_RNA_D_062_CCAGGCTCTT,1
sci_RNA_D_063_AGCGATCCGC,1
sci_RNA_D_063_TTCGCTGCCT,1
sci_RNA_D_063_GGACGACGCA,1
sci_RNA_D_064_GGATTCTATC,1
sci_RNA_D_064_AATCCGGTCA,1
sci_RNA_D_064_TTCTCTACTA,1
sci_RNA_D_064_ACTCTACTGG,1
sci_RNA_D_064_CCGCGCAGGT,1
sci_RNA_D_065_AGGTAGAGCT,1
sci_RNA_D_065_TTCTCTACTA,1
sci_RNA_D_066_GGATTCTATC,1
sci_RNA_D_066_TTCTATAGAG,1
sci_RNA_D_066_CTATTAACCA,1
sci_RNA_D_067_CCTATCATAA,1
sci_RNA_D_067_GGCTTCTGGA,1
sci_RNA_D_068_AGCGATCCGC,1
sci_RNA_D_068_TTCTATAGAG,1
sci_RNA_D_068_GGACGACGCA,1
sci_RNA_D_068_CCGCGCAGGT,1
sci_RNA_D_069_AGCGATCCGC,1
sci_RNA_D_069_TTCTATAGAG,1
sci_RNA_D_069_CTGAAGAGAC,1
sci_RNA_D_069_AGGTAGAGCT,1
sci_RNA_D_069_TCTAGTCAAG,1
sci_RNA_D_070_CCAGGCTCTT,1
sci_RNA_D_070_CTGAAGAGAC,1
sci_RNA_D_072_ACGGAGAATA,1
sci_RNA_D_072_GGATTCTATC,1
sci_RNA_D_072_TTCTATAGAG,1
sci_RNA_D_072_ACTCTACTGG,1
sci_RNA_D_073_ACGGAGAATA,1
sci_RNA_D_073_GGATTCTATC,1
sci_RNA_D_073_TCTAGTCAAG,1
sci_RNA_D_074_CGTCTATGAA,1
sci_RNA_D_074_AGGTAGAGCT,1
sci_RNA_D_075_GGCATCTACC,1
sci_RNA_D_075_TTCTATAGAG,1
sci_RNA_D_076_AGCGATCCGC,1
sci_RNA_D_077_TTCTATAGAG,1
sci_RNA_D_077_CTATTAACCA,1
sci_RNA_D_078_AATCGAACTC,1
sci_RNA_D_078_AATCCGGTCA,1
sci_RNA_D_078_CTGAAGAGAC,1
sci_RNA_D_078_CGTCTATGAA,1
sci_RNA_D_080_GGATTCTATC,1
sci_RNA_D_080_ACTCTACTGG,1
sci_RNA_D_081_AGCGATCCGC,1
sci_RNA_D_081_ACGGAGAATA,1
sci_RNA_D_081_CGTCTATGAA,1
sci_RNA_D_081_CCTGAGAGCA,1
sci_RNA_D_081_CCGCGCAGGT,1
sci_RNA_D_082_CCGCGCAGGT,1
sci_RNA_D_083_GGCATCTACC,1
sci_RNA_D_083_CCAGGCTCTT,1
sci_RNA_D_084_GGCATCTACC,1
sci_RNA_D_084_TTCTATAGAG,1
sci_RNA_D_084_AATCGAACTC,1
sci_RNA_D_084_TTGCAGCATT,1
sci_RNA_D_084_CCTGAGAGCA,1
sci_RNA_D_085_CCAGGCTCTT,1
sci_RNA_D_086_GGCTTCTGGA,1
sci_RNA_D_087_GGATTCTATC,1
sci_RNA_D_087_GGCTTCTGGA,1
sci_RNA_D_087_GTAGATGCGC,1
sci_RNA_D_088_GGATTCTATC,1
sci_RNA_D_088_TTCTATAGAG,1
sci_RNA_D_088_TTCTCTACTA,1
sci_RNA_D_088_TTGCAGCATT,1
sci_RNA_D_088_ACTCTACTGG,1
sci_RNA_D_088_GGACGACGCA,1
sci_RNA_D_089_GGATTCTATC,1
sci_RNA_D_089_CGTCTATGAA,1
sci_RNA_D_090_TTCTCTACTA,1
sci_RNA_D_090_CCTGAGAGCA,1
sci_RNA_D_091_GGATTCTATC,1
sci_RNA_D_091_TTGCAGCATT,1
sci_RNA_D_092_CTGAAGAGAC,1
sci_RNA_D_092_TTGCAGCATT,1
sci_RNA_D_093_ACGGAGAATA,1
sci_RNA_D_093_CCAGGCTCTT,1
sci_RNA_D_094_AATCCGGTCA,1
sci_RNA_D_095_CCTATCATAA,1
sci_RNA_D_095_CCAGGCTCTT,1
sci_RNA_D_095_TCTAGTCAAG,1
sci_RNA_D_095_CCGCGCAGGT,1
sci_RNA_D_096_AATCCGGTCA,1
sci_RNA_D_096_CTATTAACCA,1
sci_RNA_D_096_TTCTCTACTA,1
sci_RNA_D_096_GTAGATGCGC,1
sci_RNA_E_001_AGCGATCCGC,1
sci_RNA_E_001_TTCTCTACTA,1
sci_RNA_E_001_GGCTTCTGGA,1
sci_RNA_E_002_TTGCAGCATT,1
sci_RNA_E_003_AGCGATCCGC,1
sci_RNA_E_003_TTCGCTGCCT,1
sci_RNA_E_003_TTGCAGCATT,1
sci_RNA_E_004_ACGGAGAATA,1
sci_RNA_E_005_TTGCAGCATT,1
sci_RNA_E_005_GGACGACGCA,1
sci_RNA_E_006_ACGGAGAATA,1
sci_RNA_E_006_AATCCGGTCA,1
sci_RNA_E_006_CTGAAGAGAC,1
sci_RNA_E_006_TTCGCTGCCT,1
sci_RNA_E_006_GTAGATGCGC,1
sci_RNA_E_008_ACGGAGAATA,1
sci_RNA_E_008_AATCGAACTC,1
sci_RNA_E_008_TTCGCTGCCT,1
sci_RNA_E_009_CCAGGCTCTT,1
sci_RNA_E_009_CGTCTATGAA,1
sci_RNA_E_009_CCTGAGAGCA,1
sci_RNA_E_010_AATCCGGTCA,1
sci_RNA_E_010_AGGTAGAGCT,1
sci_RNA_E_010_TTCGCTGCCT,1
sci_RNA_E_010_TAGAATAGCC,1
sci_RNA_E_011_GGACGACGCA,1
sci_RNA_E_012_CCTATCATAA,1
sci_RNA_E_012_AGGTAGAGCT,1
sci_RNA_E_013_AGCGATCCGC,1
sci_RNA_E_013_TTGCAGCATT,1
sci_RNA_E_014_CGTCTATGAA,1
sci_RNA_E_014_TTCTCTACTA,1
sci_RNA_E_014_GGCTTCTGGA,1
sci_RNA_E_014_GGACGACGCA,1
sci_RNA_E_015_CTATTAACCA,1
sci_RNA_E_015_TTCTCTACTA,1
sci_RNA_E_015_TTGCAGCATT,1
sci_RNA_E_016_ACGGAGAATA,1
sci_RNA_E_016_GGATTCTATC,1
sci_RNA_E_016_CCAGGCTCTT,1
sci_RNA_E_016_CTGAAGAGAC,1
sci_RNA_E_017_GGCTTCTGGA,1
sci_RNA_E_017_TAGAATAGCC,1
sci_RNA_E_018_CTGAAGAGAC,1
sci_RNA_E_018_TTCGCTGCCT,1
sci_RNA_E_018_TAGAATAGCC,1
sci_RNA_E_019_GGATTCTATC,1
sci_RNA_E_019_GGCTTCTGGA,1
sci_RNA_E_019_CCGCGCAGGT,1
sci_RNA_E_020_CCTATCATAA,1
sci_RNA_E_020_ACTCTACTGG,1
sci_RNA_E_020_GGACGACGCA,1
sci_RNA_E_021_AATCGAACTC,1
sci_RNA_E_021_GTAGATGCGC,1
sci_RNA_E_021_TAGAATAGCC,1
sci_RNA_E_021_TCTAGTCAAG,1
sci_RNA_E_022_AATCCGGTCA,1
sci_RNA_E_022_TTCTCTACTA,1
sci_RNA_E_022_ACTCTACTGG,1
sci_RNA_E_022_TCTAGTCAAG,1
sci_RNA_E_023_CCAGGCTCTT,1
sci_RNA_E_024_AATCCGGTCA,1
sci_RNA_E_024_CGTCTATGAA,1
sci_RNA_E_024_CCTGAGAGCA,1
sci_RNA_E_025_CCAGGCTCTT,1
sci_RNA_E_025_TTGCAGCATT,1
sci_RNA_E_025_GGACGACGCA,1
sci_RNA_E_026_ACGGAGAATA,1
sci_RNA_E_026_GGATTCTATC,1
sci_RNA_E_026_TTCGCTGCCT,1
sci_RNA_E_027_GGATTCTATC,1
sci_RNA_E_027_TAGAATAGCC,1
sci_RNA_E_029_CCTATCATAA,1
sci_RNA_E_029_TCTAGTCAAG,1
sci_RNA_E_029_CCGCGCAGGT,1
sci_RNA_E_030_ACGGAGAATA,1
sci_RNA_E_030_AGGTAGAGCT,1
sci_RNA_E_030_TTCGCTGCCT,1
sci_RNA_E_030_ACTCTACTGG,1
sci_RNA_E_030_TAGAATAGCC,1
sci_RNA_E_031_CCTATCATAA,1
sci_RNA_E_031_CCAGGCTCTT,1
sci_RNA_E_031_CTGAAGAGAC,1
sci_RNA_E_032_CGTCTATGAA,1
sci_RNA_E_033_GGCATCTACC,1
sci_RNA_E_033_TTCTATAGAG,1
sci_RNA_E_033_AGGTAGAGCT,1
sci_RNA_E_035_GGCATCTACC,1
sci_RNA_E_035_TTGCAGCATT,1
sci_RNA_E_035_TAGAATAGCC,1
sci_RNA_E_036_AGCGATCCGC,1
sci_RNA_E_036_GGCTTCTGGA,1
sci_RNA_E_036_TTGCAGCATT,1
sci_RNA_E_037_CCAGGCTCTT,1
sci_RNA_E_037_CGTCTATGAA,1
sci_RNA_E_038_ACGGAGAATA,1
sci_RNA_E_038_CTATTAACCA,1
sci_RNA_E_038_TTCTCTACTA,1
sci_RNA_E_039_AGCGATCCGC,1
sci_RNA_E_039_ACTCTACTGG,1
sci_RNA_E_039_CCTGAGAGCA,1
sci_RNA_E_039_CCGCGCAGGT,1
sci_RNA_E_040_TTCGCTGCCT,1
sci_RNA_E_041_ACGGAGAATA,1
sci_RNA_E_041_CCAGGCTCTT,1
sci_RNA_E_041_AATCCGGTCA,1
sci_RNA_E_041_GGCTTCTGGA,1
sci_RNA_E_042_CCTATCATAA,1
sci_RNA_E_042_ACGGAGAATA,1
sci_RNA_E_042_AATCGAACTC,1
sci_RNA_E_042_CGTCTATGAA,1
sci_RNA_E_042_GGCTTCTGGA,1
sci_RNA_E_043_TTCTATAGAG,1
sci_RNA_E_043_GGCTTCTGGA,1
sci_RNA_E_043_GTAGATGCGC,1
sci_RNA_E_044_GGCATCTACC,1
sci_RNA_E_044_CGTCTATGAA,1
sci_RNA_E_044_TTCTCTACTA,1
sci_RNA_E_045_CCTATCATAA,1
sci_RNA_E_045_GGACGACGCA,1
sci_RNA_E_046_ACGGAGAATA,1
sci_RNA_E_046_TTCTCTACTA,1
sci_RNA_E_046_TCTAGTCAAG,1
sci_RNA_E_047_TTCTATAGAG,1
sci_RNA_E_047_AATCCGGTCA,1
sci_RNA_E_047_TTCGCTGCCT,1
sci_RNA_E_047_TAGAATAGCC,1
sci_RNA_E_048_AGCGATCCGC,1
sci_RNA_E_048_TTCGCTGCCT,1
sci_RNA_E_049_ACGGAGAATA,1
sci_RNA_E_049_CTATTAACCA,1
sci_RNA_E_049_GGACGACGCA,1
sci_RNA_E_050_TTCTATAGAG,1
sci_RNA_E_050_GTAGATGCGC,1
sci_RNA_E_051_AGCGATCCGC,1
sci_RNA_E_051_GGATTCTATC,1
sci_RNA_E_051_CTGAAGAGAC,1
sci_RNA_E_053_ACTCTACTGG,1
sci_RNA_E_054_ACGGAGAATA,1
sci_RNA_E_055_GGATTCTATC,1
sci_RNA_E_056_TAGAATAGCC,1
sci_RNA_E_056_CCTGAGAGCA,1
sci_RNA_E_057_ACGGAGAATA,1
sci_RNA_E_057_AATCGAACTC,1
sci_RNA_E_057_TTGCAGCATT,1
sci_RNA_E_057_TCTAGTCAAG,1
sci_RNA_E_058_CCTATCATAA,1
sci_RNA_E_058_ACGGAGAATA,1
sci_RNA_E_058_TAGAATAGCC,1
sci_RNA_E_058_GGACGACGCA,1
sci_RNA_E_059_GGCATCTACC,1
sci_RNA_E_059_ACTCTACTGG,1
sci_RNA_E_060_CTGAAGAGAC,1
sci_RNA_E_061_ACGGAGAATA,1
sci_RNA_E_061_TAGAATAGCC,1
sci_RNA_E_062_CCTATCATAA,1
sci_RNA_E_063_AGCGATCCGC,1
sci_RNA_E_063_CCAGGCTCTT,1
sci_RNA_E_063_CGTCTATGAA,1
sci_RNA_E_063_GTAGATGCGC,1
sci_RNA_E_065_AGCGATCCGC,1
sci_RNA_E_065_TTCTATAGAG,1
sci_RNA_E_066_CCTATCATAA,1
sci_RNA_E_067_AATCCGGTCA,1
sci_RNA_E_067_GTAGATGCGC,1
sci_RNA_E_067_TCTAGTCAAG,1
sci_RNA_E_068_CCTATCATAA,1
sci_RNA_E_068_GGCATCTACC,1
sci_RNA_E_068_AATCGAACTC,1
sci_RNA_E_068_TTCGCTGCCT,1
sci_RNA_E_068_TTGCAGCATT,1
sci_RNA_E_069_GGACGACGCA,1
sci_RNA_E_071_CTATTAACCA,1
sci_RNA_E_072_GGATTCTATC,1
sci_RNA_E_072_GTAGATGCGC,1
sci_RNA_E_073_CCAGGCTCTT,1
sci_RNA_E_073_TTGCAGCATT,1
sci_RNA_E_073_TCTAGTCAAG,1
sci_RNA_E_074_CCGCGCAGGT,1
sci_RNA_E_075_CTATTAACCA,1
sci_RNA_E_075_CTGAAGAGAC,1
sci_RNA_E_076_TTCTATAGAG,1
sci_RNA_E_076_CGTCTATGAA,1
sci_RNA_E_077_TCTAGTCAAG,1
sci_RNA_E_078_AGCGATCCGC,1
sci_RNA_E_078_CTATTAACCA,1
sci_RNA_E_080_CCAGGCTCTT,1
sci_RNA_E_080_CTATTAACCA,1
sci_RNA_E_080_ACTCTACTGG,1
sci_RNA_E_081_TTGCAGCATT,1
sci_RNA_E_081_ACTCTACTGG,1
sci_RNA_E_082_AGGTAGAGCT,1
sci_RNA_E_082_ACTCTACTGG,1
sci_RNA_E_082_GGACGACGCA,1
sci_RNA_E_083_AATCCGGTCA,1
sci_RNA_E_083_CTATTAACCA,1
sci_RNA_E_083_CGTCTATGAA,1
sci_RNA_E_083_AGGTAGAGCT,1
sci_RNA_E_083_TTCGCTGCCT,1
sci_RNA_E_083_GGACGACGCA,1
sci_RNA_E_084_ACGGAGAATA,1
sci_RNA_E_084_AATCGAACTC,1
sci_RNA_E_084_TTCTCTACTA,1
sci_RNA_E_084_TCTAGTCAAG,1
sci_RNA_E_085_TTCTATAGAG,1
sci_RNA_E_085_TTGCAGCATT,1
sci_RNA_E_085_CCGCGCAGGT,1
sci_RNA_E_086_GGCTTCTGGA,1
sci_RNA_E_086_GTAGATGCGC,1
sci_RNA_E_086_TAGAATAGCC,1
sci_RNA_E_087_GGATTCTATC,1
sci_RNA_E_087_CTGAAGAGAC,1
sci_RNA_E_087_TTCGCTGCCT,1
sci_RNA_E_087_GGACGACGCA,1
sci_RNA_E_088_CTATTAACCA,1
sci_RNA_E_089_ACTCTACTGG,1
sci_RNA_E_089_TAGAATAGCC,1
sci_RNA_E_090_AATCGAACTC,1
sci_RNA_E_090_AATCCGGTCA,1
sci_RNA_E_090_TTCTCTACTA,1
sci_RNA_E_090_ACTCTACTGG,1
sci_RNA_E_091_AGCGATCCGC,1
sci_RNA_E_091_CCTATCATAA,1
sci_RNA_E_091_GGATTCTATC,1
sci_RNA_E_092_AATCGAACTC,1
sci_RNA_E_092_CTGAAGAGAC,1
sci_RNA_E_092_TCTAGTCAAG,1
sci_RNA_E_093_AATCGAACTC,1
sci_RNA_E_093_CGTCTATGAA,1
sci_RNA_E_093_GGCTTCTGGA,1
sci_RNA_E_093_TCTAGTCAAG,1
sci_RNA_E_094_ACGGAGAATA,1
sci_RNA_E_094_AATCCGGTCA,1
sci_RNA_E_094_GTAGATGCGC,1
sci_RNA_E_094_ACTCTACTGG,1
sci_RNA_E_094_TCTAGTCAAG,1
sci_RNA_E_095_GGCATCTACC,1
sci_RNA_E_095_CCAGGCTCTT,1
sci_RNA_E_095_CTGAAGAGAC,1
sci_RNA_E_095_CCGCGCAGGT,1
sci_RNA_E_096_CCTATCATAA,1
sci_RNA_E_096_AATCGAACTC,1
sci_RNA_E_096_ACTCTACTGG,1
sci_RNA_A_001_AAGTACGTTA,2
sci_RNA_A_001_TCCGCCGGTC,2
sci_RNA_A_001_TAGCCAGCAA,2
sci_RNA_A_001_CGTATTGAGA,2
sci_RNA_A_002_AAGTACGTTA,2
sci_RNA_A_002_TGCCTAACTT,2
sci_RNA_A_003_ACCAGTATAA,2
sci_RNA_A_004_TCCGCCGGTC,2
sci_RNA_A_004_TGCCTAACTT,2
sci_RNA_A_004_ACGCTTCTCT,2
sci_RNA_A_004_GCTCGAATCA,2
sci_RNA_A_004_GCGGCCAATC,2
sci_RNA_A_004_ACGATAGACT,2
sci_RNA_A_005_TCTATCGGTA,2
sci_RNA_A_005_CGTATTGAGA,2
sci_RNA_A_006_TCTATCGGTA,2
sci_RNA_A_006_ACGCTTCTCT,2
sci_RNA_A_007_AAGTACGTTA,2
sci_RNA_A_007_TGCCTAACTT,2
sci_RNA_A_007_ACGCTTCTCT,2
sci_RNA_A_007_GCGGCCAATC,2
sci_RNA_A_007_TGAGACTCTA,2
sci_RNA_A_007_GGCTATTCGA,2
sci_RNA_A_007_CGTATTGAGA,2
sci_RNA_A_008_GGCGGTTGAC,2
sci_RNA_A_008_GCTCGAATCA,2
sci_RNA_A_008_GCGGCCAATC,2
sci_RNA_A_008_GGCTCGAGAT,2
sci_RNA_A_008_CGTATTGAGA,2
sci_RNA_A_009_TGCCTAACTT,2
sci_RNA_A_010_TCCGCCGGTC,2
sci_RNA_A_010_GCTCGAATCA,2
sci_RNA_A_011_TGCCTAACTT,2
sci_RNA_A_011_GATCCAGCGT,2
sci_RNA_A_012_AAGTACGTTA,2
sci_RNA_A_012_TCCGCCGGTC,2
sci_RNA_A_012_TGCCTAACTT,2
sci_RNA_A_013_TCCGCCGGTC,2
sci_RNA_A_013_ACGCTTCTCT,2
sci_RNA_A_013_ATATGCCATC,2
sci_RNA_A_013_ACCAGTATAA,2
sci_RNA_A_013_GCGGCCAATC,2
sci_RNA_A_014_ATCCATCAGG,2
sci_RNA_A_014_ACGCTTCTCT,2
sci_RNA_A_014_ACGATAGACT,2
sci_RNA_A_014_CGTATTGAGA,2
sci_RNA_A_015_CTCGGAGCAA,2
sci_RNA_A_016_TCTATCGGTA,2
sci_RNA_A_016_ATATGCCATC,2
sci_RNA_A_016_GCGGAGTCGA,2
sci_RNA_A_016_GCGGCCAATC,2
sci_RNA_A_017_TCTATCGGTA,2
sci_RNA_A_017_GATCCAGCGT,2
sci_RNA_A_017_TCCTCTCCGT,2
sci_RNA_A_018_TCTATCGGTA,2
sci_RNA_A_018_TAGCCAGCAA,2
sci_RNA_A_018_ACCAGTATAA,2
sci_RNA_A_018_GCGGCCAATC,2
sci_RNA_A_019_TGCCTAACTT,2
sci_RNA_A_019_GGCGGTTGAC,2
sci_RNA_A_019_CTCGGAGCAA,2
sci_RNA_A_019_TGAGACTCTA,2
sci_RNA_A_019_GGCTATTCGA,2
sci_RNA_A_020_TCTATCGGTA,2
sci_RNA_A_020_GGCTCGAGAT,2
sci_RNA_A_020_ATTAACTTAA,2
sci_RNA_A_020_CGTATTGAGA,2
sci_RNA_A_021_TCCGCCGGTC,2
sci_RNA_A_021_ATATGCCATC,2
sci_RNA_A_022_TGAGACTCTA,2
sci_RNA_A_023_ATCCATCAGG,2
sci_RNA_A_023_GCGGAGTCGA,2
sci_RNA_A_024_AAGTACGTTA,2
sci_RNA_A_024_TCTATCGGTA,2
sci_RNA_A_025_AAGTACGTTA,2
sci_RNA_A_025_ATATGCCATC,2
sci_RNA_A_025_GGCTATTCGA,2
sci_RNA_A_025_ATTAACTTAA,2
sci_RNA_A_026_AAGTACGTTA,2
sci_RNA_A_026_TGCCTAACTT,2
sci_RNA_A_026_CTCGGAGCAA,2
sci_RNA_A_027_GGCGGTTGAC,2
sci_RNA_A_028_TCTATCGGTA,2
sci_RNA_A_028_TCCGCCGGTC,2
sci_RNA_A_028_ACGATAGACT,2
sci_RNA_A_028_CGTATTGAGA,2
sci_RNA_A_029_TCCGCCGGTC,2
sci_RNA_A_029_TCGGTAAGGC,2
sci_RNA_A_029_GATCCAGCGT,2
sci_RNA_A_029_CGAATCTCCT,2
sci_RNA_A_029_TAGCCAGCAA,2
sci_RNA_A_030_GATCCAGCGT,2
sci_RNA_A_030_GGCTCGAGAT,2
sci_RNA_A_030_CGTATTGAGA,2
sci_RNA_A_031_AAGTACGTTA,2
sci_RNA_A_031_ACGCTTCTCT,2
sci_RNA_A_031_ACCAGTATAA,2
sci_RNA_A_031_ATTAACTTAA,2
sci_RNA_A_032_TCGGTAAGGC,2
sci_RNA_A_032_ATATGCCATC,2
sci_RNA_A_032_GGCTATTCGA,2
sci_RNA_A_033_GATCCAGCGT,2
sci_RNA_A_033_ACGCTTCTCT,2
sci_RNA_A_033_CTCGGAGCAA,2
sci_RNA_A_033_TAGCCAGCAA,2
sci_RNA_A_033_GCTCGAATCA,2
sci_RNA_A_033_CGTATTGAGA,2
sci_RNA_A_034_TCTATCGGTA,2
sci_RNA_A_035_TAGCCAGCAA,2
sci_RNA_A_035_TGAGACTCTA,2
sci_RNA_A_035_ATTAACTTAA,2
sci_RNA_A_036_ATCCATCAGG,2
sci_RNA_A_036_TGAGACTCTA,2
sci_RNA_A_037_CTCGGAGCAA,2
sci_RNA_A_037_TGAGACTCTA,2
sci_RNA_A_038_AAGTACGTTA,2
sci_RNA_A_038_TCTATCGGTA,2
sci_RNA_A_038_CTCGGAGCAA,2
sci_RNA_A_038_GGCTCGAGAT,2
sci_RNA_A_038_TGAGACTCTA,2
sci_RNA_A_039_CGAATCTCCT,2
sci_RNA_A_040_AAGTACGTTA,2
sci_RNA_A_040_TGCCTAACTT,2
sci_RNA_A_040_CTCGGAGCAA,2
sci_RNA_A_040_GCGGCCAATC,2
sci_RNA_A_041_GGCTCGAGAT,2
sci_RNA_A_042_TCCGCCGGTC,2
sci_RNA_A_044_TCCGCCGGTC,2
sci_RNA_A_044_ACGATAGACT,2
sci_RNA_A_045_TGCCTAACTT,2
sci_RNA_A_045_GATCCAGCGT,2
sci_RNA_A_045_ATATGCCATC,2
sci_RNA_A_045_GCGGAGTCGA,2
sci_RNA_A_045_TCCTCTCCGT,2
sci_RNA_A_046_GGCTATTCGA,2
sci_RNA_A_046_CGTATTGAGA,2
sci_RNA_A_047_CGAATCTCCT,2
sci_RNA_A_047_TAGCCAGCAA,2
sci_RNA_A_047_TGAGACTCTA,2
sci_RNA_A_047_ATTAACTTAA,2
sci_RNA_A_048_TGCCTAACTT,2
sci_RNA_A_048_TCCTCTCCGT,2
sci_RNA_A_049_CGAATCTCCT,2
sci_RNA_A_049_TGAGACTCTA,2
sci_RNA_A_050_ATCCATCAGG,2
sci_RNA_A_050_TGCCTAACTT,2
sci_RNA_A_050_GATCCAGCGT,2
sci_RNA_A_050_TAGCCAGCAA,2
sci_RNA_A_051_TCGGTAAGGC,2
sci_RNA_A_052_GCTCGAATCA,2
sci_RNA_A_052_TGAGACTCTA,2
sci_RNA_A_053_GATCCAGCGT,2
sci_RNA_A_053_GCGGAGTCGA,2
sci_RNA_A_053_TAGCCAGCAA,2
sci_RNA_A_053_ATTAACTTAA,2
sci_RNA_A_055_TGCCTAACTT,2
sci_RNA_A_055_GGCGGTTGAC,2
sci_RNA_A_056_TCCGCCGGTC,2
sci_RNA_A_056_GCGGAGTCGA,2
sci_RNA_A_056_GGCTATTCGA,2
sci_RNA_A_056_ATTAACTTAA,2
sci_RNA_A_057_TCGGTAAGGC,2
sci_RNA_A_057_ACGATAGACT,2
sci_RNA_A_057_ATTAACTTAA,2
sci_RNA_A_058_ATTAACTTAA,2
sci_RNA_A_059_TCGGTAAGGC,2
sci_RNA_A_059_GCGGAGTCGA,2
sci_RNA_A_059_TGAGACTCTA,2
sci_RNA_A_060_TGCCTAACTT,2
sci_RNA_A_060_GGCGGTTGAC,2
sci_RNA_A_060_CTCGGAGCAA,2
sci_RNA_A_060_ATATGCCATC,2
sci_RNA_A_061_TAGCCAGCAA,2
sci_RNA_A_061_CGTATTGAGA,2
sci_RNA_A_062_TCCGCCGGTC,2
sci_RNA_A_062_GGCGGTTGAC,2
sci_RNA_A_063_ACGCTTCTCT,2
sci_RNA_A_063_CGTATTGAGA,2
sci_RNA_A_064_TCGGTAAGGC,2
sci_RNA_A_064_CTCGGAGCAA,2
sci_RNA_A_064_ATATGCCATC,2
sci_RNA_A_064_GCGGAGTCGA,2
sci_RNA_A_065_CTCGGAGCAA,2
sci_RNA_A_065_GCGGAGTCGA,2
sci_RNA_A_065_TAGCCAGCAA,2
sci_RNA_A_066_GCGGAGTCGA,2
sci_RNA_A_066_TAGCCAGCAA,2
sci_RNA_A_066_GGCTCGAGAT,2
sci_RNA_A_067_ATCCATCAGG,2
sci_RNA_A_067_TGCCTAACTT,2
sci_RNA_A_068_TCTATCGGTA,2
sci_RNA_A_069_ACGCTTCTCT,2
sci_RNA_A_070_TAGCCAGCAA,2
sci_RNA_A_070_ACGATAGACT,2
sci_RNA_A_071_GCGGAGTCGA,2
sci_RNA_A_071_GCGGCCAATC,2
sci_RNA_A_071_GGCTCGAGAT,2
sci_RNA_A_072_TCTATCGGTA,2
sci_RNA_A_072_CTCGGAGCAA,2
sci_RNA_A_072_TCCTCTCCGT,2
sci_RNA_A_072_CGTATTGAGA,2
sci_RNA_A_073_AAGTACGTTA,2
sci_RNA_A_073_TCGGTAAGGC,2
sci_RNA_A_073_ATATGCCATC,2
sci_RNA_A_073_GGCTCGAGAT,2
sci_RNA_A_074_ATATGCCATC,2
sci_RNA_A_075_TCCGCCGGTC,2
sci_RNA_A_075_GGCGGTTGAC,2
sci_RNA_A_075_GCGGAGTCGA,2
sci_RNA_A_075_TAGCCAGCAA,2
sci_RNA_A_076_TCTATCGGTA,2
sci_RNA_A_076_TGAGACTCTA,2
sci_RNA_A_076_GGCTATTCGA,2
sci_RNA_A_077_TGCCTAACTT,2
sci_RNA_A_077_ATATGCCATC,2
sci_RNA_A_077_GCGGCCAATC,2
sci_RNA_A_077_GGCTATTCGA,2
sci_RNA_A_078_CGAATCTCCT,2
sci_RNA_A_078_GCTCGAATCA,2
sci_RNA_A_078_GGCTCGAGAT,2
sci_RNA_A_079_GCGGAGTCGA,2
sci_RNA_A_079_ACCAGTATAA,2
sci_RNA_A_079_GGCTATTCGA,2
sci_RNA_A_079_ATTAACTTAA,2
sci_RNA_A_080_TCGGTAAGGC,2
sci_RNA_A_080_ATTAACTTAA,2
sci_RNA_A_081_TCTATCGGTA,2
sci_RNA_A_081_TAGCCAGCAA,2
sci_RNA_A_081_GCTCGAATCA,2
sci_RNA_A_082_GCGGCCAATC,2
sci_RNA_A_082_GGCTCGAGAT,2
sci_RNA_A_082_ACGATAGACT,2
sci_RNA_A_082_CGTATTGAGA,2
sci_RNA_A_083_TGCCTAACTT,2
sci_RNA_A_083_ACGCTTCTCT,2
sci_RNA_A_083_TAGCCAGCAA,2
sci_RNA_A_083_GCGGCCAATC,2
sci_RNA_A_083_TGAGACTCTA,2
sci_RNA_A_084_AAGTACGTTA,2
sci_RNA_A_084_TGCCTAACTT,2
sci_RNA_A_084_TAGCCAGCAA,2
sci_RNA_A_084_GCGGCCAATC,2
sci_RNA_A_084_CGTATTGAGA,2
sci_RNA_A_085_CGAATCTCCT,2
sci_RNA_A_085_GCGGAGTCGA,2
sci_RNA_A_085_GCGGCCAATC,2
sci_RNA_A_086_TCCGCCGGTC,2
sci_RNA_A_086_CGAATCTCCT,2
sci_RNA_A_086_TAGCCAGCAA,2
sci_RNA_A_086_ATTAACTTAA,2
sci_RNA_A_087_GATCCAGCGT,2
sci_RNA_A_088_TCTATCGGTA,2
sci_RNA_A_088_ATCCATCAGG,2
sci_RNA_A_088_ACGCTTCTCT,2
sci_RNA_A_088_CGTATTGAGA,2
sci_RNA_A_089_CGTATTGAGA,2
sci_RNA_A_090_TCCGCCGGTC,2
sci_RNA_A_090_TAGCCAGCAA,2
sci_RNA_A_090_ACCAGTATAA,2
sci_RNA_A_090_GGCTATTCGA,2
sci_RNA_A_091_GATCCAGCGT,2
sci_RNA_A_091_CGAATCTCCT,2
sci_RNA_A_091_ATATGCCATC,2
sci_RNA_A_091_TGAGACTCTA,2
sci_RNA_A_092_ATCCATCAGG,2
sci_RNA_A_092_TCCGCCGGTC,2
sci_RNA_A_092_GATCCAGCGT,2
sci_RNA_A_092_ACCAGTATAA,2
sci_RNA_A_092_GCGGCCAATC,2
sci_RNA_A_093_TAGCCAGCAA,2
sci_RNA_A_093_GCTCGAATCA,2
sci_RNA_A_093_GCGGCCAATC,2
sci_RNA_A_093_GGCTATTCGA,2
sci_RNA_A_094_GATCCAGCGT,2
sci_RNA_A_094_ACGCTTCTCT,2
sci_RNA_A_094_GCGGAGTCGA,2
sci_RNA_A_094_GCGGCCAATC,2
sci_RNA_A_094_GGCTCGAGAT,2
sci_RNA_A_095_TCCGCCGGTC,2
sci_RNA_A_095_CGAATCTCCT,2
sci_RNA_A_095_GCGGAGTCGA,2
sci_RNA_A_095_TAGCCAGCAA,2
sci_RNA_A_096_TCGGTAAGGC,2
sci_RNA_A_096_GGCGGTTGAC,2
sci_RNA_A_096_ACGCTTCTCT,2
sci_RNA_B_001_TCTATCGGTA,2
sci_RNA_B_001_TAGCCAGCAA,2
sci_RNA_B_001_ACGATAGACT,2
sci_RNA_B_002_TCTATCGGTA,2
sci_RNA_B_002_TCGGTAAGGC,2
sci_RNA_B_002_GCTCGAATCA,2
sci_RNA_B_002_CGTATTGAGA,2
sci_RNA_B_003_GCGGAGTCGA,2
sci_RNA_B_003_GGCTATTCGA,2
sci_RNA_B_003_CGTATTGAGA,2
sci_RNA_B_004_TAGCCAGCAA,2
sci_RNA_B_004_GGCTCGAGAT,2
sci_RNA_B_005_ATCCATCAGG,2
sci_RNA_B_005_TGCCTAACTT,2
sci_RNA_B_005_TAGCCAGCAA,2
sci_RNA_B_005_GGCTCGAGAT,2
sci_RNA_B_005_GGCTATTCGA,2
sci_RNA_B_006_TCTATCGGTA,2
sci_RNA_B_006_GCGGCCAATC,2
sci_RNA_B_007_GGCTATTCGA,2
sci_RNA_B_007_CGTATTGAGA,2
sci_RNA_B_008_ACGCTTCTCT,2
sci_RNA_B_008_CTCGGAGCAA,2
sci_RNA_B_008_TGAGACTCTA,2
sci_RNA_B_009_TCTATCGGTA,2
sci_RNA_B_009_CTCGGAGCAA,2
sci_RNA_B_009_TGAGACTCTA,2
sci_RNA_B_009_GGCTATTCGA,2
sci_RNA_B_010_ATATGCCATC,2
sci_RNA_B_010_TGAGACTCTA,2
sci_RNA_B_011_AAGTACGTTA,2
sci_RNA_B_011_TCTATCGGTA,2
sci_RNA_B_011_GCGGAGTCGA,2
sci_RNA_B_013_AAGTACGTTA,2
sci_RNA_B_013_TCGGTAAGGC,2
sci_RNA_B_013_TCCTCTCCGT,2
sci_RNA_B_013_GGCTATTCGA,2
sci_RNA_B_014_TGCCTAACTT,2
sci_RNA_B_014_GATCCAGCGT,2
sci_RNA_B_014_TCCTCTCCGT,2
sci_RNA_B_015_TCTATCGGTA,2
sci_RNA_B_015_GCTCGAATCA,2
sci_RNA_B_015_GGCTATTCGA,2
sci_RNA_B_016_GATCCAGCGT,2
sci_RNA_B_016_CTCGGAGCAA,2
sci_RNA_B_017_CGAATCTCCT,2
sci_RNA_B_017_ATATGCCATC,2
sci_RNA_B_019_ATCCATCAGG,2
sci_RNA_B_019_ATATGCCATC,2
sci_RNA_B_021_TCCGCCGGTC,2
sci_RNA_B_021_GATCCAGCGT,2
sci_RNA_B_021_GGCTATTCGA,2
sci_RNA_B_021_ATTAACTTAA,2
sci_RNA_B_022_CGTATTGAGA,2
sci_RNA_B_023_TCTATCGGTA,2
sci_RNA_B_023_TAGCCAGCAA,2
sci_RNA_B_023_TCCTCTCCGT,2
sci_RNA_B_023_TGAGACTCTA,2
sci_RNA_B_024_GGCGGTTGAC,2
sci_RNA_B_024_GCTCGAATCA,2
sci_RNA_B_024_GGCTATTCGA,2
sci_RNA_B_025_TGCCTAACTT,2
sci_RNA_B_025_TAGCCAGCAA,2
sci_RNA_B_025_GCGGCCAATC,2
sci_RNA_B_026_TCTATCGGTA,2
sci_RNA_B_026_ACGCTTCTCT,2
sci_RNA_B_026_CGAATCTCCT,2
sci_RNA_B_026_TCCTCTCCGT,2
sci_RNA_B_027_TGCCTAACTT,2
sci_RNA_B_027_CTCGGAGCAA,2
sci_RNA_B_027_GCGGAGTCGA,2
sci_RNA_B_027_ACGATAGACT,2
sci_RNA_B_028_TGCCTAACTT,2
sci_RNA_B_028_GGCGGTTGAC,2
sci_RNA_B_028_GCGGAGTCGA,2
sci_RNA_B_028_ACGATAGACT,2
sci_RNA_B_029_AAGTACGTTA,2
sci_RNA_B_029_GCTCGAATCA,2
sci_RNA_B_029_ACGATAGACT,2
sci_RNA_B_030_TCCGCCGGTC,2
sci_RNA_B_030_GGCTCGAGAT,2
sci_RNA_B_030_ACGATAGACT,2
sci_RNA_B_031_GGCTCGAGAT,2
sci_RNA_B_032_TGCCTAACTT,2
sci_RNA_B_032_TAGCCAGCAA,2
sci_RNA_B_033_TCTATCGGTA,2
sci_RNA_B_033_ACGATAGACT,2
sci_RNA_B_033_TGAGACTCTA,2
sci_RNA_B_034_TCCGCCGGTC,2
sci_RNA_B_035_TCCGCCGGTC,2
sci_RNA_B_036_TCTATCGGTA,2
sci_RNA_B_036_GGCGGTTGAC,2
sci_RNA_B_036_GGCTATTCGA,2
sci_RNA_B_037_GCGGCCAATC,2
sci_RNA_B_039_TCTATCGGTA,2
sci_RNA_B_039_GCTCGAATCA,2
sci_RNA_B_039_ATTAACTTAA,2
sci_RNA_B_040_TGCCTAACTT,2
sci_RNA_B_040_CTCGGAGCAA,2
sci_RNA_B_040_ACGATAGACT,2
sci_RNA_B_041_TGCCTAACTT,2
sci_RNA_B_041_ACGCTTCTCT,2
sci_RNA_B_041_ATATGCCATC,2
sci_RNA_B_041_GGCTCGAGAT,2
sci_RNA_B_042_TCTATCGGTA,2
sci_RNA_B_042_ATATGCCATC,2
sci_RNA_B_042_ACGATAGACT,2
sci_RNA_B_042_GGCTATTCGA,2
sci_RNA_B_043_GGCGGTTGAC,2
sci_RNA_B_043_GCGGCCAATC,2
sci_RNA_B_043_ATTAACTTAA,2
sci_RNA_B_044_TCCGCCGGTC,2
sci_RNA_B_044_CGTATTGAGA,2
sci_RNA_B_045_GCGGCCAATC,2
sci_RNA_B_045_GGCTCGAGAT,2
sci_RNA_B_045_CGTATTGAGA,2
sci_RNA_B_046_ACCAGTATAA,2
sci_RNA_B_046_TCCTCTCCGT,2
sci_RNA_B_047_GATCCAGCGT,2
sci_RNA_B_047_TGAGACTCTA,2
sci_RNA_B_048_CGAATCTCCT,2
sci_RNA_B_048_GGCTCGAGAT,2
sci_RNA_B_049_TCTATCGGTA,2
sci_RNA_B_049_GCGGAGTCGA,2
sci_RNA_B_050_GATCCAGCGT,2
sci_RNA_B_050_GCGGAGTCGA,2
sci_RNA_B_050_GGCTCGAGAT,2
sci_RNA_B_050_ACGATAGACT,2
sci_RNA_B_050_ATTAACTTAA,2
sci_RNA_B_051_CGTATTGAGA,2
sci_RNA_B_053_TCCGCCGGTC,2
sci_RNA_B_053_TCGGTAAGGC,2
sci_RNA_B_053_GATCCAGCGT,2
sci_RNA_B_053_CGAATCTCCT,2
sci_RNA_B_053_GGCTATTCGA,2
sci_RNA_B_053_ATTAACTTAA,2
sci_RNA_B_054_ACGATAGACT,2
sci_RNA_B_054_GGCTATTCGA,2
sci_RNA_B_054_CGTATTGAGA,2
sci_RNA_B_055_TCTATCGGTA,2
sci_RNA_B_055_TGAGACTCTA,2
sci_RNA_B_056_TCTATCGGTA,2
sci_RNA_B_056_ATATGCCATC,2
sci_RNA_B_057_TCTATCGGTA,2
sci_RNA_B_057_GGCTCGAGAT,2
sci_RNA_B_057_GGCTATTCGA,2
sci_RNA_B_057_ATTAACTTAA,2
sci_RNA_B_057_CGTATTGAGA,2
sci_RNA_B_058_TGCCTAACTT,2
sci_RNA_B_058_ACGCTTCTCT,2
sci_RNA_B_059_TCTATCGGTA,2
sci_RNA_B_059_CTCGGAGCAA,2
sci_RNA_B_060_TGCCTAACTT,2
sci_RNA_B_061_GCTCGAATCA,2
sci_RNA_B_061_GGCTATTCGA,2
sci_RNA_B_062_ATCCATCAGG,2
sci_RNA_B_062_GGCTCGAGAT,2
sci_RNA_B_062_CGTATTGAGA,2
sci_RNA_B_063_TCTATCGGTA,2
sci_RNA_B_063_GCGGCCAATC,2
sci_RNA_B_064_TCTATCGGTA,2
sci_RNA_B_064_GATCCAGCGT,2
sci_RNA_B_064_GGCGGTTGAC,2
sci_RNA_B_064_ATATGCCATC,2
sci_RNA_B_064_TAGCCAGCAA,2
sci_RNA_B_064_GCGGCCAATC,2
sci_RNA_C_001_TCCGCCGGTC,2
sci_RNA_C_002_TCTATCGGTA,2
sci_RNA_C_002_TCCGCCGGTC,2
sci_RNA_C_002_TGAGACTCTA,2
sci_RNA_C_003_TCCTCTCCGT,2
sci_RNA_C_003_GGCTATTCGA,2
sci_RNA_C_004_ATATGCCATC,2
sci_RNA_C_004_GCGGAGTCGA,2
sci_RNA_C_005_TCTATCGGTA,2
sci_RNA_C_005_TCCGCCGGTC,2
sci_RNA_C_005_CTCGGAGCAA,2
sci_RNA_C_005_GCGGCCAATC,2
sci_RNA_C_005_TGAGACTCTA,2
sci_RNA_C_006_CGAATCTCCT,2
sci_RNA_C_006_ATATGCCATC,2
sci_RNA_C_006_CGTATTGAGA,2
sci_RNA_C_007_TCTATCGGTA,2
sci_RNA_C_007_ACGCTTCTCT,2
sci_RNA_C_007_CTCGGAGCAA,2
sci_RNA_C_007_GCGGCCAATC,2
sci_RNA_C_007_GGCTATTCGA,2
sci_RNA_C_008_ACGCTTCTCT,2
sci_RNA_C_008_TGAGACTCTA,2
sci_RNA_C_009_CTCGGAGCAA,2
sci_RNA_C_009_GGCTATTCGA,2
sci_RNA_C_009_CGTATTGAGA,2
sci_RNA_C_010_TGCCTAACTT,2
sci_RNA_C_011_ACGCTTCTCT,2
sci_RNA_C_011_CGAATCTCCT,2
sci_RNA_C_011_ATATGCCATC,2
sci_RNA_C_011_GGCTCGAGAT,2
sci_RNA_C_012_CTCGGAGCAA,2
sci_RNA_C_012_ACGATAGACT,2
sci_RNA_C_012_GGCTATTCGA,2
sci_RNA_C_013_TCGGTAAGGC,2
sci_RNA_C_013_GCGGCCAATC,2
sci_RNA_C_014_AAGTACGTTA,2
sci_RNA_C_014_TCGGTAAGGC,2
sci_RNA_C_014_TCCTCTCCGT,2
sci_RNA_C_015_AAGTACGTTA,2
sci_RNA_C_015_TCCGCCGGTC,2
sci_RNA_C_016_TCGGTAAGGC,2
sci_RNA_C_016_ACGCTTCTCT,2
sci_RNA_C_016_GCGGCCAATC,2
sci_RNA_C_016_CGTATTGAGA,2
sci_RNA_C_017_TCCGCCGGTC,2
sci_RNA_C_017_ATATGCCATC,2
sci_RNA_C_017_GGCTCGAGAT,2
sci_RNA_C_018_TCCGCCGGTC,2
sci_RNA_C_018_GATCCAGCGT,2
sci_RNA_C_018_ATATGCCATC,2
sci_RNA_C_018_CGTATTGAGA,2
sci_RNA_C_019_TCTATCGGTA,2
sci_RNA_C_020_GGCTCGAGAT,2
sci_RNA_C_020_ACGATAGACT,2
sci_RNA_C_021_TGCCTAACTT,2
sci_RNA_C_021_GGCTCGAGAT,2
sci_RNA_C_021_ACGATAGACT,2
sci_RNA_C_022_GATCCAGCGT,2
sci_RNA_C_022_TAGCCAGCAA,2
sci_RNA_C_022_ATTAACTTAA,2
sci_RNA_C_023_AAGTACGTTA,2
sci_RNA_C_023_TGCCTAACTT,2
sci_RNA_C_023_ACGCTTCTCT,2
sci_RNA_C_023_ACCAGTATAA,2
sci_RNA_C_024_CTCGGAGCAA,2
sci_RNA_C_024_ACCAGTATAA,2
sci_RNA_C_024_TCCTCTCCGT,2
sci_RNA_C_025_TGCCTAACTT,2
sci_RNA_C_025_GGCGGTTGAC,2
sci_RNA_C_025_GGCTCGAGAT,2
sci_RNA_C_026_TCTATCGGTA,2
sci_RNA_C_026_GCTCGAATCA,2
sci_RNA_C_027_AAGTACGTTA,2
sci_RNA_C_027_TCCGCCGGTC,2
sci_RNA_C_027_CTCGGAGCAA,2
sci_RNA_C_027_TAGCCAGCAA,2
sci_RNA_C_027_GCGGCCAATC,2
sci_RNA_C_027_ACGATAGACT,2
sci_RNA_C_028_ACGCTTCTCT,2
sci_RNA_C_028_CGAATCTCCT,2
sci_RNA_C_028_ATATGCCATC,2
sci_RNA_C_028_TCCTCTCCGT,2
sci_RNA_C_029_TCTATCGGTA,2
sci_RNA_C_029_CGAATCTCCT,2
sci_RNA_C_029_TGAGACTCTA,2
sci_RNA_C_029_ATTAACTTAA,2
sci_RNA_C_030_TCCGCCGGTC,2
sci_RNA_C_030_GATCCAGCGT,2
sci_RNA_C_031_TCGGTAAGGC,2
sci_RNA_C_031_GATCCAGCGT,2
sci_RNA_C_031_ACGCTTCTCT,2
sci_RNA_C_031_TAGCCAGCAA,2
sci_RNA_C_031_GCGGCCAATC,2
sci_RNA_C_032_TCTATCGGTA,2
sci_RNA_C_032_TCGGTAAGGC,2
sci_RNA_C_032_GATCCAGCGT,2
sci_RNA_C_032_CTCGGAGCAA,2
sci_RNA_C_032_TGAGACTCTA,2
sci_RNA_C_032_CGTATTGAGA,2
sci_RNA_C_033_ATATGCCATC,2
sci_RNA_C_033_GGCTATTCGA,2
sci_RNA_C_034_ATCCATCAGG,2
sci_RNA_C_035_TCTATCGGTA,2
sci_RNA_C_035_TCCGCCGGTC,2
sci_RNA_C_035_TAGCCAGCAA,2
sci_RNA_C_035_TCCTCTCCGT,2
sci_RNA_C_035_GGCTCGAGAT,2
sci_RNA_C_036_GGCGGTTGAC,2
sci_RNA_C_036_ACGCTTCTCT,2
sci_RNA_C_036_TAGCCAGCAA,2
sci_RNA_C_036_CGTATTGAGA,2
sci_RNA_C_037_GCGGAGTCGA,2
sci_RNA_C_037_GGCTCGAGAT,2
sci_RNA_C_037_CGTATTGAGA,2
sci_RNA_C_038_CGAATCTCCT,2
sci_RNA_C_038_CGTATTGAGA,2
sci_RNA_C_039_AAGTACGTTA,2
sci_RNA_C_039_TCTATCGGTA,2
sci_RNA_C_039_GATCCAGCGT,2
sci_RNA_C_039_ACGCTTCTCT,2
sci_RNA_C_039_ACGATAGACT,2
sci_RNA_C_039_GGCTATTCGA,2
sci_RNA_C_039_CGTATTGAGA,2
sci_RNA_C_040_CGAATCTCCT,2
sci_RNA_C_041_TCTATCGGTA,2
sci_RNA_C_041_GGCGGTTGAC,2
sci_RNA_C_043_TCTATCGGTA,2
sci_RNA_C_043_ACGCTTCTCT,2
sci_RNA_C_043_GCGGCCAATC,2
sci_RNA_C_044_ACGCTTCTCT,2
sci_RNA_C_044_CGTATTGAGA,2
sci_RNA_C_045_TGCCTAACTT,2
sci_RNA_C_045_GGCTCGAGAT,2
sci_RNA_C_046_GATCCAGCGT,2
sci_RNA_C_047_AAGTACGTTA,2
sci_RNA_C_047_TCTATCGGTA,2
sci_RNA_C_047_TGCCTAACTT,2
sci_RNA_C_048_GATCCAGCGT,2
sci_RNA_C_048_CGAATCTCCT,2
sci_RNA_C_048_CGTATTGAGA,2
sci_RNA_C_049_AAGTACGTTA,2
sci_RNA_C_049_CTCGGAGCAA,2
sci_RNA_C_049_ATTAACTTAA,2
sci_RNA_C_050_GCTCGAATCA,2
sci_RNA_C_051_GCGGAGTCGA,2
sci_RNA_C_052_TCGGTAAGGC,2
sci_RNA_C_052_GATCCAGCGT,2
sci_RNA_C_053_TCGGTAAGGC,2
sci_RNA_C_053_GATCCAGCGT,2
sci_RNA_C_053_CGAATCTCCT,2
sci_RNA_C_053_ATATGCCATC,2
sci_RNA_C_053_GGCTCGAGAT,2
sci_RNA_C_053_ATTAACTTAA,2
sci_RNA_C_054_TCCTCTCCGT,2
sci_RNA_C_054_GGCTCGAGAT,2
sci_RNA_C_055_AAGTACGTTA,2
sci_RNA_C_055_ATATGCCATC,2
sci_RNA_C_055_TCCTCTCCGT,2
sci_RNA_C_055_GCTCGAATCA,2
sci_RNA_C_056_TGCCTAACTT,2
sci_RNA_C_057_AAGTACGTTA,2
sci_RNA_C_057_GCTCGAATCA,2
sci_RNA_C_057_GCGGCCAATC,2
sci_RNA_C_057_GGCTCGAGAT,2
sci_RNA_C_058_CTCGGAGCAA,2
sci_RNA_C_059_CTCGGAGCAA,2
sci_RNA_C_059_ATTAACTTAA,2
sci_RNA_C_061_GGCTCGAGAT,2
sci_RNA_C_061_ACGATAGACT,2
sci_RNA_C_062_CTCGGAGCAA,2
sci_RNA_C_062_TCCTCTCCGT,2
sci_RNA_C_062_CGTATTGAGA,2
sci_RNA_C_063_AAGTACGTTA,2
sci_RNA_C_063_TCGGTAAGGC,2
sci_RNA_C_063_GATCCAGCGT,2
sci_RNA_C_063_ATATGCCATC,2
sci_RNA_C_063_GCTCGAATCA,2
sci_RNA_C_064_GGCGGTTGAC,2
sci_RNA_C_064_TCCTCTCCGT,2
sci_RNA_C_065_ACGCTTCTCT,2
sci_RNA_C_065_TAGCCAGCAA,2
sci_RNA_C_065_GCGGCCAATC,2
sci_RNA_C_065_GGCTATTCGA,2
sci_RNA_C_066_ATCCATCAGG,2
sci_RNA_C_067_AAGTACGTTA,2
sci_RNA_C_067_TCTATCGGTA,2
sci_RNA_C_068_TAGCCAGCAA,2
sci_RNA_C_068_GGCTATTCGA,2
sci_RNA_C_069_TCTATCGGTA,2
sci_RNA_C_069_GATCCAGCGT,2
sci_RNA_C_069_CTCGGAGCAA,2
sci_RNA_C_069_GGCTCGAGAT,2
sci_RNA_C_070_TCCGCCGGTC,2
sci_RNA_C_070_TAGCCAGCAA,2
sci_RNA_C_070_TGAGACTCTA,2
sci_RNA_C_070_CGTATTGAGA,2
sci_RNA_C_071_TCCTCTCCGT,2
sci_RNA_C_071_GCTCGAATCA,2
sci_RNA_C_071_GCGGCCAATC,2
sci_RNA_C_071_GGCTCGAGAT,2
sci_RNA_C_072_TCCTCTCCGT,2
sci_RNA_C_072_GCGGCCAATC,2
sci_RNA_C_072_CGTATTGAGA,2
sci_RNA_C_073_ATCCATCAGG,2
sci_RNA_C_074_AAGTACGTTA,2
sci_RNA_C_074_ACGCTTCTCT,2
sci_RNA_C_074_ATATGCCATC,2
sci_RNA_C_074_GGCTCGAGAT,2
sci_RNA_C_075_ACGATAGACT,2
sci_RNA_C_076_ATATGCCATC,2
sci_RNA_C_076_TGAGACTCTA,2
sci_RNA_C_076_CGTATTGAGA,2
sci_RNA_C_077_AAGTACGTTA,2
sci_RNA_C_077_TCTATCGGTA,2
sci_RNA_C_078_ATATGCCATC,2
sci_RNA_C_078_TAGCCAGCAA,2
sci_RNA_C_078_GGCTATTCGA,2
sci_RNA_C_079_TGCCTAACTT,2
sci_RNA_C_080_ATCCATCAGG,2
sci_RNA_C_080_ATATGCCATC,2
sci_RNA_C_080_ACCAGTATAA,2
sci_RNA_C_081_CTCGGAGCAA,2
sci_RNA_C_081_TAGCCAGCAA,2
sci_RNA_C_081_TCCTCTCCGT,2
sci_RNA_C_082_ATTAACTTAA,2
sci_RNA_C_083_TCCGCCGGTC,2
sci_RNA_C_083_ATTAACTTAA,2
sci_RNA_C_084_GCGGAGTCGA,2
sci_RNA_C_084_TAGCCAGCAA,2
sci_RNA_C_084_TCCTCTCCGT,2
sci_RNA_C_084_GCGGCCAATC,2
sci_RNA_C_085_TCCGCCGGTC,2
sci_RNA_C_085_GGCGGTTGAC,2
sci_RNA_C_085_TAGCCAGCAA,2
sci_RNA_C_088_GATCCAGCGT,2
sci_RNA_C_088_TGAGACTCTA,2
sci_RNA_C_089_ATCCATCAGG,2
sci_RNA_C_089_TCCGCCGGTC,2
sci_RNA_C_089_GGCGGTTGAC,2
sci_RNA_C_089_GGCTCGAGAT,2
sci_RNA_C_089_TGAGACTCTA,2
sci_RNA_C_090_TCTATCGGTA,2
sci_RNA_C_090_TGCCTAACTT,2
sci_RNA_C_090_ACGCTTCTCT,2
sci_RNA_C_090_GCGGCCAATC,2
sci_RNA_C_090_GGCTATTCGA,2
sci_RNA_C_090_CGTATTGAGA,2
sci_RNA_C_091_TCTATCGGTA,2
sci_RNA_C_091_ATCCATCAGG,2
sci_RNA_C_091_TCCGCCGGTC,2
sci_RNA_C_091_GGCTCGAGAT,2
sci_RNA_C_091_TGAGACTCTA,2
sci_RNA_C_091_ATTAACTTAA,2
sci_RNA_C_094_TCCGCCGGTC,2
sci_RNA_C_094_GATCCAGCGT,2
sci_RNA_C_094_CTCGGAGCAA,2
sci_RNA_C_094_GCTCGAATCA,2
sci_RNA_C_094_GGCTCGAGAT,2
sci_RNA_C_094_GGCTATTCGA,2
sci_RNA_C_094_CGTATTGAGA,2
sci_RNA_C_095_TAGCCAGCAA,2
sci_RNA_C_096_ACGATAGACT,2
sci_RNA_C_096_GGCTATTCGA,2
sci_RNA_D_001_TCCGCCGGTC,2
sci_RNA_D_001_ATATGCCATC,2
sci_RNA_D_001_TAGCCAGCAA,2
sci_RNA_D_001_GCTCGAATCA,2
sci_RNA_D_002_GCGGAGTCGA,2
sci_RNA_D_002_CGTATTGAGA,2
sci_RNA_D_003_CGAATCTCCT,2
sci_RNA_D_003_GCGGAGTCGA,2
sci_RNA_D_004_ACGCTTCTCT,2
sci_RNA_D_004_GCGGAGTCGA,2
sci_RNA_D_004_CGTATTGAGA,2
sci_RNA_D_005_ACGATAGACT,2
sci_RNA_D_006_GATCCAGCGT,2
sci_RNA_D_006_ACGATAGACT,2
sci_RNA_D_006_GGCTATTCGA,2
sci_RNA_D_007_TCTATCGGTA,2
sci_RNA_D_007_GGCGGTTGAC,2
sci_RNA_D_007_ACGCTTCTCT,2
sci_RNA_D_007_CTCGGAGCAA,2
sci_RNA_D_007_TCCTCTCCGT,2
sci_RNA_D_008_TCCGCCGGTC,2
sci_RNA_D_008_GGCTATTCGA,2
sci_RNA_D_008_CGTATTGAGA,2
sci_RNA_D_009_TCCGCCGGTC,2
sci_RNA_D_009_GGCGGTTGAC,2
sci_RNA_D_009_CTCGGAGCAA,2
sci_RNA_D_010_ACGCTTCTCT,2
sci_RNA_D_010_ATATGCCATC,2
sci_RNA_D_010_GGCTCGAGAT,2
sci_RNA_D_011_GCGGAGTCGA,2
sci_RNA_D_012_TCTATCGGTA,2
sci_RNA_D_012_TGCCTAACTT,2
sci_RNA_D_012_GATCCAGCGT,2
sci_RNA_D_012_GCGGCCAATC,2
sci_RNA_D_012_GGCTCGAGAT,2
sci_RNA_D_012_ATTAACTTAA,2
sci_RNA_D_013_TAGCCAGCAA,2
sci_RNA_D_013_ACGATAGACT,2
sci_RNA_D_014_TCCGCCGGTC,2
sci_RNA_D_014_TGCCTAACTT,2
sci_RNA_D_014_GGCTATTCGA,2
sci_RNA_D_015_ATCCATCAGG,2
sci_RNA_D_015_ATATGCCATC,2
sci_RNA_D_016_ACGCTTCTCT,2
sci_RNA_D_016_ATATGCCATC,2
sci_RNA_D_016_CGTATTGAGA,2
sci_RNA_D_017_CGTATTGAGA,2
sci_RNA_D_018_TCCGCCGGTC,2
sci_RNA_D_018_TGCCTAACTT,2
sci_RNA_D_018_GGCTCGAGAT,2
sci_RNA_D_019_TCTATCGGTA,2
sci_RNA_D_019_CTCGGAGCAA,2
sci_RNA_D_019_GGCTCGAGAT,2
sci_RNA_D_019_ACGATAGACT,2
sci_RNA_D_020_CTCGGAGCAA,2
sci_RNA_D_020_ATATGCCATC,2
sci_RNA_D_020_TGAGACTCTA,2
sci_RNA_D_020_GGCTATTCGA,2
sci_RNA_D_021_ATCCATCAGG,2
sci_RNA_D_021_CGAATCTCCT,2
sci_RNA_D_021_ACGATAGACT,2
sci_RNA_D_021_TGAGACTCTA,2
sci_RNA_D_022_GGCGGTTGAC,2
sci_RNA_D_022_GCTCGAATCA,2
sci_RNA_D_022_GGCTATTCGA,2
sci_RNA_D_023_TCTATCGGTA,2
sci_RNA_D_023_CGAATCTCCT,2
sci_RNA_D_023_GGCTCGAGAT,2
sci_RNA_D_024_ATATGCCATC,2
sci_RNA_D_026_GATCCAGCGT,2
sci_RNA_D_026_ACGATAGACT,2
sci_RNA_D_027_GATCCAGCGT,2
sci_RNA_D_027_GGCGGTTGAC,2
sci_RNA_D_027_GCGGCCAATC,2
sci_RNA_D_027_TGAGACTCTA,2
sci_RNA_D_027_ATTAACTTAA,2
sci_RNA_D_028_GATCCAGCGT,2
sci_RNA_D_028_CGAATCTCCT,2
sci_RNA_D_028_ACCAGTATAA,2
sci_RNA_D_028_CGTATTGAGA,2
sci_RNA_D_029_TAGCCAGCAA,2
sci_RNA_D_029_TGAGACTCTA,2
sci_RNA_D_030_AAGTACGTTA,2
sci_RNA_D_030_GGCGGTTGAC,2
sci_RNA_D_030_GCGGAGTCGA,2
sci_RNA_D_030_TAGCCAGCAA,2
sci_RNA_D_030_ACCAGTATAA,2
sci_RNA_D_030_GGCTATTCGA,2
sci_RNA_D_031_TCTATCGGTA,2
sci_RNA_D_031_GATCCAGCGT,2
sci_RNA_D_031_TAGCCAGCAA,2
sci_RNA_D_031_CGTATTGAGA,2
sci_RNA_D_032_GATCCAGCGT,2
sci_RNA_D_032_ACGCTTCTCT,2
sci_RNA_D_032_ATATGCCATC,2
sci_RNA_D_032_ACCAGTATAA,2
sci_RNA_D_032_GGCTCGAGAT,2
sci_RNA_D_033_AAGTACGTTA,2
sci_RNA_D_033_GATCCAGCGT,2
sci_RNA_D_033_GGCGGTTGAC,2
sci_RNA_D_033_ATTAACTTAA,2
sci_RNA_D_035_TGCCTAACTT,2
sci_RNA_D_035_CTCGGAGCAA,2
sci_RNA_D_036_AAGTACGTTA,2
sci_RNA_D_036_CTCGGAGCAA,2
sci_RNA_D_037_ATCCATCAGG,2
sci_RNA_D_037_TGCCTAACTT,2
sci_RNA_D_038_TAGCCAGCAA,2
sci_RNA_D_038_GCGGCCAATC,2
sci_RNA_D_038_GGCTCGAGAT,2
sci_RNA_D_039_GATCCAGCGT,2
sci_RNA_D_040_AAGTACGTTA,2
sci_RNA_D_040_TCGGTAAGGC,2
sci_RNA_D_040_GATCCAGCGT,2
sci_RNA_D_040_GCGGCCAATC,2
sci_RNA_D_040_GGCTCGAGAT,2
sci_RNA_D_041_TCCGCCGGTC,2
sci_RNA_D_042_TCCGCCGGTC,2
sci_RNA_D_042_TCCTCTCCGT,2
sci_RNA_D_044_GCGGAGTCGA,2
sci_RNA_D_044_ATTAACTTAA,2
sci_RNA_D_045_GGCGGTTGAC,2
sci_RNA_D_045_CGTATTGAGA,2
sci_RNA_D_046_ATCCATCAGG,2
sci_RNA_D_046_CGAATCTCCT,2
sci_RNA_D_046_GCGGCCAATC,2
sci_RNA_D_046_CGTATTGAGA,2
sci_RNA_D_047_TCTATCGGTA,2
sci_RNA_D_047_ATCCATCAGG,2
sci_RNA_D_048_TCCGCCGGTC,2
sci_RNA_D_048_CGAATCTCCT,2
sci_RNA_D_048_GCTCGAATCA,2
sci_RNA_D_048_ATTAACTTAA,2
sci_RNA_D_049_TCCGCCGGTC,2
sci_RNA_D_049_ATATGCCATC,2
sci_RNA_D_049_TAGCCAGCAA,2
sci_RNA_D_049_ACGATAGACT,2
sci_RNA_D_049_TGAGACTCTA,2
sci_RNA_D_050_AAGTACGTTA,2
sci_RNA_D_050_GATCCAGCGT,2
sci_RNA_D_050_CGAATCTCCT,2
sci_RNA_D_050_CTCGGAGCAA,2
sci_RNA_D_050_ATATGCCATC,2
sci_RNA_D_050_GGCTCGAGAT,2
sci_RNA_D_051_ACGCTTCTCT,2
sci_RNA_D_051_TAGCCAGCAA,2
sci_RNA_D_051_ACCAGTATAA,2
sci_RNA_D_051_GGCTCGAGAT,2
sci_RNA_D_052_ACGCTTCTCT,2
sci_RNA_D_052_ATATGCCATC,2
sci_RNA_D_052_GCTCGAATCA,2
sci_RNA_D_053_TGCCTAACTT,2
sci_RNA_D_053_CTCGGAGCAA,2
sci_RNA_D_053_ATATGCCATC,2
sci_RNA_D_054_TGCCTAACTT,2
sci_RNA_D_054_GATCCAGCGT,2
sci_RNA_D_054_GGCGGTTGAC,2
sci_RNA_D_054_TGAGACTCTA,2
sci_RNA_D_054_GGCTATTCGA,2
sci_RNA_D_055_TCTATCGGTA,2
sci_RNA_D_055_TGCCTAACTT,2
sci_RNA_D_055_GCGGCCAATC,2
sci_RNA_D_055_GGCTATTCGA,2
sci_RNA_D_055_CGTATTGAGA,2
sci_RNA_D_056_GCGGAGTCGA,2
sci_RNA_D_056_TAGCCAGCAA,2
sci_RNA_D_057_CGAATCTCCT,2
sci_RNA_D_058_GGCGGTTGAC,2
sci_RNA_D_058_CGAATCTCCT,2
sci_RNA_D_058_CTCGGAGCAA,2
sci_RNA_D_058_GCGGCCAATC,2
sci_RNA_D_059_TGCCTAACTT,2
sci_RNA_D_059_CTCGGAGCAA,2
sci_RNA_D_059_TGAGACTCTA,2
sci_RNA_D_060_ACGATAGACT,2
sci_RNA_D_061_TCTATCGGTA,2
sci_RNA_D_061_TCCGCCGGTC,2
sci_RNA_D_061_ATATGCCATC,2
sci_RNA_D_061_GCGGCCAATC,2
sci_RNA_D_061_ACGATAGACT,2
sci_RNA_D_061_TGAGACTCTA,2
sci_RNA_D_061_CGTATTGAGA,2
sci_RNA_D_062_ATCCATCAGG,2
sci_RNA_D_063_TCCGCCGGTC,2
sci_RNA_D_063_TCCTCTCCGT,2
sci_RNA_D_063_TGAGACTCTA,2
sci_RNA_D_064_TCGGTAAGGC,2
sci_RNA_D_064_TAGCCAGCAA,2
sci_RNA_D_064_ACGATAGACT,2
sci_RNA_D_065_ATCCATCAGG,2
sci_RNA_D_065_TCCGCCGGTC,2
sci_RNA_D_065_TGCCTAACTT,2
sci_RNA_D_065_TAGCCAGCAA,2
sci_RNA_D_066_GCGGAGTCGA,2
sci_RNA_D_067_GATCCAGCGT,2
sci_RNA_D_068_TCCGCCGGTC,2
sci_RNA_D_069_ACGCTTCTCT,2
sci_RNA_D_069_ACGATAGACT,2
sci_RNA_D_071_AAGTACGTTA,2
sci_RNA_D_071_ATATGCCATC,2
sci_RNA_D_071_GCGGCCAATC,2
sci_RNA_D_072_AAGTACGTTA,2
sci_RNA_D_072_TCTATCGGTA,2
sci_RNA_D_072_GCGGCCAATC,2
sci_RNA_D_072_TGAGACTCTA,2
sci_RNA_D_072_GGCTATTCGA,2
sci_RNA_D_073_TCCGCCGGTC,2
sci_RNA_D_073_GATCCAGCGT,2
sci_RNA_D_073_CTCGGAGCAA,2
sci_RNA_D_073_ATTAACTTAA,2
sci_RNA_D_073_CGTATTGAGA,2
sci_RNA_D_074_TCTATCGGTA,2
sci_RNA_D_074_CGAATCTCCT,2
sci_RNA_D_075_TCCGCCGGTC,2
sci_RNA_D_075_ACGCTTCTCT,2
sci_RNA_D_075_GCGGAGTCGA,2
sci_RNA_D_075_GCGGCCAATC,2
sci_RNA_D_075_ATTAACTTAA,2
sci_RNA_D_076_CGAATCTCCT,2
sci_RNA_D_076_GGCTCGAGAT,2
sci_RNA_D_076_ATTAACTTAA,2
sci_RNA_D_077_AAGTACGTTA,2
sci_RNA_D_077_TCCGCCGGTC,2
sci_RNA_D_077_TCGGTAAGGC,2
sci_RNA_D_077_GCGGAGTCGA,2
sci_RNA_D_077_TGAGACTCTA,2
sci_RNA_D_078_ATCCATCAGG,2
sci_RNA_D_078_GGCGGTTGAC,2
sci_RNA_D_078_ACGCTTCTCT,2
sci_RNA_D_078_GCGGAGTCGA,2
sci_RNA_D_078_TAGCCAGCAA,2
sci_RNA_D_079_GGCGGTTGAC,2
sci_RNA_D_079_TCCTCTCCGT,2
sci_RNA_D_080_TCGGTAAGGC,2
sci_RNA_D_080_GGCTCGAGAT,2
sci_RNA_D_080_ATTAACTTAA,2
sci_RNA_D_082_AAGTACGTTA,2
sci_RNA_D_082_ATCCATCAGG,2
sci_RNA_D_082_TCCGCCGGTC,2
sci_RNA_D_082_ATATGCCATC,2
sci_RNA_D_082_TAGCCAGCAA,2
sci_RNA_D_082_GCGGCCAATC,2
sci_RNA_D_082_ACGATAGACT,2
sci_RNA_D_083_CGAATCTCCT,2
sci_RNA_D_083_TAGCCAGCAA,2
sci_RNA_D_083_TCCTCTCCGT,2
sci_RNA_D_083_ATTAACTTAA,2
sci_RNA_D_084_TCCGCCGGTC,2
sci_RNA_D_084_ATATGCCATC,2
sci_RNA_D_084_GGCTATTCGA,2
sci_RNA_D_085_TCCGCCGGTC,2
sci_RNA_D_085_GATCCAGCGT,2
sci_RNA_D_085_GCGGCCAATC,2
sci_RNA_D_085_ACGATAGACT,2
sci_RNA_D_086_AAGTACGTTA,2
sci_RNA_D_086_TCTATCGGTA,2
sci_RNA_D_086_ATCCATCAGG,2
sci_RNA_D_086_TGCCTAACTT,2
sci_RNA_D_086_GCGGAGTCGA,2
sci_RNA_D_086_TCCTCTCCGT,2
sci_RNA_D_087_TCCGCCGGTC,2
sci_RNA_D_087_GGCTATTCGA,2
sci_RNA_D_088_AAGTACGTTA,2
sci_RNA_D_088_TCCGCCGGTC,2
sci_RNA_D_088_ATTAACTTAA,2
sci_RNA_D_089_TCCGCCGGTC,2
sci_RNA_D_089_CTCGGAGCAA,2
sci_RNA_D_089_GGCTCGAGAT,2
sci_RNA_D_089_TGAGACTCTA,2
sci_RNA_D_090_GATCCAGCGT,2
sci_RNA_D_090_GGCGGTTGAC,2
sci_RNA_D_090_TAGCCAGCAA,2
sci_RNA_D_091_AAGTACGTTA,2
sci_RNA_D_091_ACGATAGACT,2
sci_RNA_D_091_TGAGACTCTA,2
sci_RNA_D_092_AAGTACGTTA,2
sci_RNA_D_092_ATCCATCAGG,2
sci_RNA_D_092_TCCGCCGGTC,2
sci_RNA_D_092_TCCTCTCCGT,2
sci_RNA_D_092_ACGATAGACT,2
sci_RNA_D_093_CGAATCTCCT,2
sci_RNA_D_093_GGCTCGAGAT,2
sci_RNA_D_093_TGAGACTCTA,2
sci_RNA_D_094_AAGTACGTTA,2
sci_RNA_D_094_TCTATCGGTA,2
sci_RNA_D_094_ATCCATCAGG,2
sci_RNA_D_094_TCGGTAAGGC,2
sci_RNA_D_094_TGAGACTCTA,2
sci_RNA_D_095_TCTATCGGTA,2
sci_RNA_D_095_TAGCCAGCAA,2
sci_RNA_D_096_GGCTCGAGAT,2
sci_RNA_D_096_CGTATTGAGA,2
sci_RNA_E_001_GGCGGTTGAC,2
sci_RNA_E_001_CTCGGAGCAA,2
sci_RNA_E_002_GGCTCGAGAT,2
sci_RNA_E_002_ACGATAGACT,2
sci_RNA_E_003_ACCAGTATAA,2
sci_RNA_E_004_CGAATCTCCT,2
sci_RNA_E_004_ATATGCCATC,2
sci_RNA_E_004_GCGGAGTCGA,2
sci_RNA_E_004_TCCTCTCCGT,2
sci_RNA_E_004_ACGATAGACT,2
sci_RNA_E_004_TGAGACTCTA,2
sci_RNA_E_004_ATTAACTTAA,2
sci_RNA_E_005_TCTATCGGTA,2
sci_RNA_E_005_TGCCTAACTT,2
sci_RNA_E_005_GGCTCGAGAT,2
sci_RNA_E_005_ATTAACTTAA,2
sci_RNA_E_006_ACGCTTCTCT,2
sci_RNA_E_007_AAGTACGTTA,2
sci_RNA_E_007_TCGGTAAGGC,2
sci_RNA_E_007_CGAATCTCCT,2
sci_RNA_E_007_ACGATAGACT,2
sci_RNA_E_008_ATCCATCAGG,2
sci_RNA_E_008_ACGCTTCTCT,2
sci_RNA_E_008_CGAATCTCCT,2
sci_RNA_E_008_GGCTATTCGA,2
sci_RNA_E_009_GATCCAGCGT,2
sci_RNA_E_009_ACGCTTCTCT,2
sci_RNA_E_009_CGAATCTCCT,2
sci_RNA_E_010_ATATGCCATC,2
sci_RNA_E_010_ATTAACTTAA,2
sci_RNA_E_011_TCCGCCGGTC,2
sci_RNA_E_011_GCGGAGTCGA,2
sci_RNA_E_012_CTCGGAGCAA,2
sci_RNA_E_012_GCGGCCAATC,2
sci_RNA_E_012_ACGATAGACT,2
sci_RNA_E_013_ATATGCCATC,2
sci_RNA_E_013_ATTAACTTAA,2
sci_RNA_E_014_AAGTACGTTA,2
sci_RNA_E_014_TCCGCCGGTC,2
sci_RNA_E_014_GGCTATTCGA,2
sci_RNA_E_015_GGCGGTTGAC,2
sci_RNA_E_015_CGAATCTCCT,2
sci_RNA_E_015_TAGCCAGCAA,2
sci_RNA_E_016_GGCGGTTGAC,2
sci_RNA_E_016_GCGGAGTCGA,2
sci_RNA_E_017_ACGCTTCTCT,2
sci_RNA_E_017_CTCGGAGCAA,2
sci_RNA_E_017_ATATGCCATC,2
sci_RNA_E_017_GCTCGAATCA,2
sci_RNA_E_017_ACGATAGACT,2
sci_RNA_E_017_TGAGACTCTA,2
sci_RNA_E_017_GGCTATTCGA,2
sci_RNA_E_018_TCTATCGGTA,2
sci_RNA_E_018_ATCCATCAGG,2
sci_RNA_E_018_TAGCCAGCAA,2
sci_RNA_E_019_CGAATCTCCT,2
sci_RNA_E_019_TAGCCAGCAA,2
sci_RNA_E_019_GCTCGAATCA,2
sci_RNA_E_019_GGCTCGAGAT,2
sci_RNA_E_019_TGAGACTCTA,2
sci_RNA_E_019_CGTATTGAGA,2
sci_RNA_E_020_ATCCATCAGG,2
sci_RNA_E_020_TCCGCCGGTC,2
sci_RNA_E_020_CTCGGAGCAA,2
sci_RNA_E_020_CGTATTGAGA,2
sci_RNA_E_021_TCCGCCGGTC,2
sci_RNA_E_021_TCCTCTCCGT,2
sci_RNA_E_021_GGCTCGAGAT,2
sci_RNA_E_022_TCCTCTCCGT,2
sci_RNA_E_022_GGCTATTCGA,2
sci_RNA_E_023_AAGTACGTTA,2
sci_RNA_E_023_GATCCAGCGT,2
sci_RNA_E_023_GCGGCCAATC,2
sci_RNA_E_023_ACGATAGACT,2
sci_RNA_E_024_ATCCATCAGG,2
sci_RNA_E_024_TCCGCCGGTC,2
sci_RNA_E_024_GCTCGAATCA,2
sci_RNA_E_025_GATCCAGCGT,2
sci_RNA_E_025_TAGCCAGCAA,2
sci_RNA_E_025_TGAGACTCTA,2
sci_RNA_E_025_CGTATTGAGA,2
sci_RNA_E_026_AAGTACGTTA,2
sci_RNA_E_026_TGCCTAACTT,2
sci_RNA_E_026_GGCTCGAGAT,2
sci_RNA_E_027_TGCCTAACTT,2
sci_RNA_E_027_ACGCTTCTCT,2
sci_RNA_E_027_TAGCCAGCAA,2
sci_RNA_E_027_GGCTCGAGAT,2
sci_RNA_E_027_ATTAACTTAA,2
sci_RNA_E_028_AAGTACGTTA,2
sci_RNA_E_028_TCCGCCGGTC,2
sci_RNA_E_028_GATCCAGCGT,2
sci_RNA_E_028_GGCGGTTGAC,2
sci_RNA_E_028_GCGGAGTCGA,2
sci_RNA_E_029_TAGCCAGCAA,2
sci_RNA_E_029_GCGGCCAATC,2
sci_RNA_E_030_TCTATCGGTA,2
sci_RNA_E_031_ATCCATCAGG,2
sci_RNA_E_031_CTCGGAGCAA,2
sci_RNA_E_031_TGAGACTCTA,2
sci_RNA_E_031_GGCTATTCGA,2
sci_RNA_E_032_ATCCATCAGG,2
sci_RNA_E_032_TCCGCCGGTC,2
sci_RNA_E_032_TCGGTAAGGC,2
sci_RNA_E_032_CGAATCTCCT,2
sci_RNA_E_032_GGCTATTCGA,2
sci_RNA_E_033_ACGATAGACT,2
sci_RNA_E_033_ATTAACTTAA,2
sci_RNA_E_034_TCCGCCGGTC,2
sci_RNA_E_034_ATATGCCATC,2
sci_RNA_E_035_ACCAGTATAA,2
sci_RNA_E_035_GGCTCGAGAT,2
sci_RNA_E_035_ACGATAGACT,2
sci_RNA_E_036_AAGTACGTTA,2
sci_RNA_E_036_TGCCTAACTT,2
sci_RNA_E_036_GGCGGTTGAC,2
sci_RNA_E_036_TCCTCTCCGT,2
sci_RNA_E_036_GCGGCCAATC,2
sci_RNA_E_036_ACGATAGACT,2
sci_RNA_E_036_CGTATTGAGA,2
sci_RNA_E_037_GATCCAGCGT,2
sci_RNA_E_037_ACGATAGACT,2
sci_RNA_E_037_GGCTATTCGA,2
sci_RNA_E_038_TCCTCTCCGT,2
sci_RNA_E_038_GCTCGAATCA,2
sci_RNA_E_039_TGCCTAACTT,2
sci_RNA_E_039_CGAATCTCCT,2
sci_RNA_E_039_GCGGAGTCGA,2
sci_RNA_E_039_TAGCCAGCAA,2
sci_RNA_E_040_TCCGCCGGTC,2
sci_RNA_E_040_CTCGGAGCAA,2
sci_RNA_E_040_GGCTATTCGA,2
sci_RNA_E_041_ATCCATCAGG,2
sci_RNA_E_041_TGCCTAACTT,2
sci_RNA_E_041_ATATGCCATC,2
sci_RNA_E_041_GCTCGAATCA,2
sci_RNA_E_041_GGCTCGAGAT,2
sci_RNA_E_041_GGCTATTCGA,2
sci_RNA_E_042_ATCCATCAGG,2
sci_RNA_E_042_GATCCAGCGT,2
sci_RNA_E_042_TAGCCAGCAA,2
sci_RNA_E_042_TCCTCTCCGT,2
sci_RNA_E_043_GGCTCGAGAT,2
sci_RNA_E_043_ATTAACTTAA,2
sci_RNA_E_044_TCTATCGGTA,2
sci_RNA_E_044_ACGCTTCTCT,2
sci_RNA_E_044_GCTCGAATCA,2
sci_RNA_E_044_GCGGCCAATC,2
sci_RNA_E_044_GGCTCGAGAT,2
sci_RNA_E_044_TGAGACTCTA,2
sci_RNA_E_045_CGAATCTCCT,2
sci_RNA_E_045_CTCGGAGCAA,2
sci_RNA_E_045_GCGGAGTCGA,2
sci_RNA_E_045_GCGGCCAATC,2
sci_RNA_E_045_CGTATTGAGA,2
sci_RNA_E_046_GGCGGTTGAC,2
sci_RNA_E_046_CTCGGAGCAA,2
sci_RNA_E_046_ATATGCCATC,2
sci_RNA_E_046_TCCTCTCCGT,2
sci_RNA_E_046_CGTATTGAGA,2
sci_RNA_E_047_TCCGCCGGTC,2
sci_RNA_E_047_GATCCAGCGT,2
sci_RNA_E_047_ACCAGTATAA,2
sci_RNA_E_047_GCGGCCAATC,2
sci_RNA_E_047_ACGATAGACT,2
sci_RNA_E_048_AAGTACGTTA,2
sci_RNA_E_048_CTCGGAGCAA,2
sci_RNA_E_048_ATATGCCATC,2
sci_RNA_E_048_TAGCCAGCAA,2
sci_RNA_E_048_ACGATAGACT,2
sci_RNA_E_049_TCCGCCGGTC,2
sci_RNA_E_049_GGCTCGAGAT,2
sci_RNA_E_049_TGAGACTCTA,2
sci_RNA_E_049_CGTATTGAGA,2
sci_RNA_E_050_CGTATTGAGA,2
sci_RNA_E_051_GATCCAGCGT,2
sci_RNA_E_051_GCGGCCAATC,2
sci_RNA_E_052_TCTATCGGTA,2
sci_RNA_E_052_TGCCTAACTT,2
sci_RNA_E_052_TCGGTAAGGC,2
sci_RNA_E_052_GGCGGTTGAC,2
sci_RNA_E_052_ACGATAGACT,2
sci_RNA_E_053_TCCGCCGGTC,2
sci_RNA_E_053_CTCGGAGCAA,2
sci_RNA_E_053_GCGGCCAATC,2
sci_RNA_E_053_GGCTATTCGA,2
sci_RNA_E_054_TCTATCGGTA,2
sci_RNA_E_054_TCGGTAAGGC,2
sci_RNA_E_054_GATCCAGCGT,2
sci_RNA_E_054_TAGCCAGCAA,2
sci_RNA_E_054_TGAGACTCTA,2
sci_RNA_E_055_TGCCTAACTT,2
sci_RNA_E_056_ACGCTTCTCT,2
sci_RNA_E_056_ATTAACTTAA,2
sci_RNA_E_057_ACGCTTCTCT,2
sci_RNA_E_057_CGAATCTCCT,2
sci_RNA_E_058_AAGTACGTTA,2
sci_RNA_E_058_TCTATCGGTA,2
sci_RNA_E_058_TCCGCCGGTC,2
sci_RNA_E_058_GCGGAGTCGA,2
sci_RNA_E_058_CGTATTGAGA,2
sci_RNA_E_059_ATCCATCAGG,2
sci_RNA_E_059_CTCGGAGCAA,2
sci_RNA_E_060_TCTATCGGTA,2
sci_RNA_E_060_TCCGCCGGTC,2
sci_RNA_E_060_ACGCTTCTCT,2
sci_RNA_E_060_ATTAACTTAA,2
sci_RNA_E_060_CGTATTGAGA,2
sci_RNA_E_061_GCGGCCAATC,2
sci_RNA_E_061_ACGATAGACT,2
sci_RNA_E_061_TGAGACTCTA,2
sci_RNA_E_061_GGCTATTCGA,2
sci_RNA_E_062_TCCGCCGGTC,2
sci_RNA_E_062_GCGGAGTCGA,2
sci_RNA_E_063_TCGGTAAGGC,2
sci_RNA_E_063_TCCTCTCCGT,2
sci_RNA_E_063_GGCTCGAGAT,2
sci_RNA_E_064_CTCGGAGCAA,2
sci_RNA_E_064_ATATGCCATC,2
sci_RNA_E_064_GCGGAGTCGA,2
sci_RNA_E_064_ACGATAGACT,2
sci_RNA_E_065_TCTATCGGTA,2
sci_RNA_E_065_GATCCAGCGT,2
sci_RNA_E_066_TCCGCCGGTC,2
sci_RNA_E_066_CTCGGAGCAA,2
sci_RNA_E_066_ATATGCCATC,2
sci_RNA_E_066_GGCTATTCGA,2
sci_RNA_E_067_TCTATCGGTA,2
sci_RNA_E_068_TCGGTAAGGC,2
sci_RNA_E_068_CGAATCTCCT,2
sci_RNA_E_069_TCCGCCGGTC,2
sci_RNA_E_069_TCGGTAAGGC,2
sci_RNA_E_069_ACGCTTCTCT,2
sci_RNA_E_069_GCGGCCAATC,2
sci_RNA_E_069_CGTATTGAGA,2
sci_RNA_E_070_TCTATCGGTA,2
sci_RNA_E_070_TGCCTAACTT,2
sci_RNA_E_070_ACGCTTCTCT,2
sci_RNA_E_070_CGAATCTCCT,2
sci_RNA_E_070_GCGGAGTCGA,2
sci_RNA_E_070_TAGCCAGCAA,2
sci_RNA_E_070_ATTAACTTAA,2
sci_RNA_E_071_ATCCATCAGG,2
sci_RNA_E_071_CTCGGAGCAA,2
sci_RNA_E_071_ATATGCCATC,2
sci_RNA_E_071_ACCAGTATAA,2
sci_RNA_E_072_ATCCATCAGG,2
sci_RNA_E_072_ACGCTTCTCT,2
sci_RNA_E_073_TCCGCCGGTC,2
sci_RNA_E_073_TGCCTAACTT,2
sci_RNA_E_073_GGCTATTCGA,2
sci_RNA_E_073_CGTATTGAGA,2
sci_RNA_E_074_TCTATCGGTA,2
sci_RNA_E_074_ATATGCCATC,2
sci_RNA_E_074_GCGGCCAATC,2
sci_RNA_E_074_ACGATAGACT,2
sci_RNA_E_074_TGAGACTCTA,2
sci_RNA_E_075_TAGCCAGCAA,2
sci_RNA_E_076_TCCTCTCCGT,2
sci_RNA_E_076_GGCTCGAGAT,2
sci_RNA_E_077_ATATGCCATC,2
sci_RNA_E_077_TAGCCAGCAA,2
sci_RNA_E_077_ACGATAGACT,2
sci_RNA_E_077_ATTAACTTAA,2
sci_RNA_E_078_AAGTACGTTA,2
sci_RNA_E_078_ATATGCCATC,2
sci_RNA_E_078_TAGCCAGCAA,2
sci_RNA_E_078_TCCTCTCCGT,2
sci_RNA_E_078_TGAGACTCTA,2
sci_RNA_E_078_CGTATTGAGA,2
sci_RNA_E_079_AAGTACGTTA,2
sci_RNA_E_079_ATCCATCAGG,2
sci_RNA_E_079_TCGGTAAGGC,2
sci_RNA_E_079_ACCAGTATAA,2
sci_RNA_E_079_ACGATAGACT,2
sci_RNA_E_080_GGCGGTTGAC,2
sci_RNA_E_080_ACGATAGACT,2
sci_RNA_E_080_TGAGACTCTA,2
sci_RNA_E_080_ATTAACTTAA,2
sci_RNA_E_081_TCTATCGGTA,2
sci_RNA_E_081_TCGGTAAGGC,2
sci_RNA_E_081_GGCGGTTGAC,2
sci_RNA_E_081_CTCGGAGCAA,2
sci_RNA_E_081_TAGCCAGCAA,2
sci_RNA_E_081_GCTCGAATCA,2
sci_RNA_E_082_ATCCATCAGG,2
sci_RNA_E_082_TAGCCAGCAA,2
sci_RNA_E_083_CGAATCTCCT,2
sci_RNA_E_083_TAGCCAGCAA,2
sci_RNA_E_083_TGAGACTCTA,2
sci_RNA_E_084_ATATGCCATC,2
sci_RNA_E_084_GCGGAGTCGA,2
sci_RNA_E_084_TAGCCAGCAA,2
sci_RNA_E_084_GCGGCCAATC,2
sci_RNA_E_085_ATCCATCAGG,2
sci_RNA_E_085_TCGGTAAGGC,2
sci_RNA_E_085_TAGCCAGCAA,2
sci_RNA_E_085_TGAGACTCTA,2
sci_RNA_E_086_ACGCTTCTCT,2
sci_RNA_E_086_TGAGACTCTA,2
sci_RNA_E_087_TCCTCTCCGT,2
sci_RNA_E_087_GGCTCGAGAT,2
sci_RNA_E_088_GATCCAGCGT,2
sci_RNA_E_088_CGAATCTCCT,2
sci_RNA_E_088_CTCGGAGCAA,2
sci_RNA_E_088_GGCTATTCGA,2
sci_RNA_E_089_AAGTACGTTA,2
sci_RNA_E_089_ATATGCCATC,2
sci_RNA_E_089_TGAGACTCTA,2
sci_RNA_E_089_CGTATTGAGA,2
sci_RNA_E_090_TCTATCGGTA,2
sci_RNA_E_090_GCGGCCAATC,2
sci_RNA_E_090_CGTATTGAGA,2
sci_RNA_E_091_AAGTACGTTA,2
sci_RNA_E_091_TCCTCTCCGT,2
sci_RNA_E_092_TAGCCAGCAA,2
sci_RNA_E_092_TCCTCTCCGT,2
sci_RNA_E_092_TGAGACTCTA,2
sci_RNA_E_092_ATTAACTTAA,2
sci_RNA_E_093_TGCCTAACTT,2
sci_RNA_E_093_GATCCAGCGT,2
sci_RNA_E_093_CGAATCTCCT,2
sci_RNA_E_093_GGCTCGAGAT,2
sci_RNA_E_094_TCCGCCGGTC,2
sci_RNA_E_094_TGCCTAACTT,2
sci_RNA_E_094_ACGCTTCTCT,2
sci_RNA_E_094_CGAATCTCCT,2
sci_RNA_E_094_TAGCCAGCAA,2
sci_RNA_E_095_GATCCAGCGT,2
sci_RNA_E_095_ACGATAGACT,2
sci_RNA_E_095_ATTAACTTAA,2
sci_RNA_E_096_TGCCTAACTT,2
sci_RNA_E_096_GGCGGTTGAC,2
sci_RNA_E_096_CGAATCTCCT,2
sci_RNA_E_096_ATATGCCATC,2
